Watching for file changes with StatReloader
Waiting for apps ready_event.
Main Django thread has terminated before apps are ready.
Apps ready_event triggered. Sending autoreload_started signal.
Watching dir D:\PROJECT-2025-2026\viswajyothi\AI_powered_health\django_part\templates with glob **/*.
Watching for file changes with StatReloader
Waiting for apps ready_event.
Apps ready_event triggered. Sending autoreload_started signal.
Watching dir C:\Users\chippy mol k.b\AppData\Local\Programs\Python\Python36\lib\site-packages\rest_framework\templates with glob **/*.
Watching dir D:\PROJECT-2025-2026\viswajyothi\AI_powered_health\django_part\templates with glob **/*.
Watching dir D:\PROJECT-2025-2026\viswajyothi\AI_powered_health\django_part\locale with glob **/*.mo.
Watching dir D:\PROJECT-2025-2026\viswajyothi\AI_powered_health\django_part\myapp\locale with glob **/*.mo.
Watching dir C:\Users\chippy mol k.b\AppData\Local\Programs\Python\Python36\lib\site-packages\rest_framework\locale with glob **/*.mo.
(0.000) 
                SELECT VERSION(),
                       @@sql_mode,
                       @@default_storage_engine,
                       @@sql_auto_is_null,
                       @@lower_case_table_names,
                       CONVERT_TZ('2001-01-01 01:00:00', 'UTC', 'UTC') IS NOT NULL
            ; args=None
(0.000) SET SESSION TRANSACTION ISOLATION LEVEL READ COMMITTED; args=None
(0.000) SHOW FULL TABLES; args=None
(0.015) SELECT `django_migrations`.`id`, `django_migrations`.`app`, `django_migrations`.`name`, `django_migrations`.`applied` FROM `django_migrations`; args=()
File C:\Users\chippy mol k.b\AppData\Local\Programs\Python\Python36\Lib\site-packages\django\template\response.py first seen with mtime 1737556751.1066113
File C:\Users\chippy mol k.b\AppData\Local\Programs\Python\Python36\Lib\site-packages\django\contrib\staticfiles\management\commands\runserver.py first seen with mtime 1737556750.9191108
File C:\Users\chippy mol k.b\AppData\Local\Programs\Python\Python36\Lib\site-packages\yaml\reader.py first seen with mtime 1736840099.0311084
File C:\Users\chippy mol k.b\AppData\Local\Programs\Python\Python36\Lib\logging\handlers.py first seen with mtime 1530047490.0
File C:\Users\chippy mol k.b\AppData\Local\Programs\Python\Python36\Lib\site-packages\django\contrib\admin\checks.py first seen with mtime 1737556749.1461217
File C:\Users\chippy mol k.b\AppData\Local\Programs\Python\Python36\Lib\json\scanner.py first seen with mtime 1530047490.0
File C:\Users\chippy mol k.b\AppData\Local\Programs\Python\Python36\Lib\site-packages\django\core\files\temp.py first seen with mtime 1737556750.9503608
File C:\Users\chippy mol k.b\AppData\Local\Programs\Python\Python36\Lib\site-packages\yaml\scanner.py first seen with mtime 1736840099.0311084
File C:\Users\chippy mol k.b\AppData\Local\Programs\Python\Python36\Lib\ctypes\util.py first seen with mtime 1530047490.0
File C:\Users\chippy mol k.b\AppData\Local\Programs\Python\Python36\DLLs\_multiprocessing.pyd first seen with mtime 1530050874.0
File C:\Users\chippy mol k.b\AppData\Local\Programs\Python\Python36\Lib\site-packages\django\db\models\utils.py first seen with mtime 1737556751.0441122
File C:\Users\chippy mol k.b\AppData\Local\Programs\Python\Python36\Lib\site-packages\django\contrib\auth\middleware.py first seen with mtime 1737556749.6279593
File C:\Users\chippy mol k.b\AppData\Local\Programs\Python\Python36\DLLs\_lzma.pyd first seen with mtime 1530050914.0
File C:\Users\chippy mol k.b\AppData\Local\Programs\Python\Python36\Lib\site-packages\django\contrib\admin\templatetags\admin_urls.py first seen with mtime 1737556749.5054946
File C:\Users\chippy mol k.b\AppData\Local\Programs\Python\Python36\Lib\http\server.py first seen with mtime 1530047490.0
File C:\Users\chippy mol k.b\AppData\Local\Programs\Python\Python36\Lib\site-packages\yaml\parser.py first seen with mtime 1736840099.0311084
File C:\Users\chippy mol k.b\AppData\Local\Programs\Python\Python36\Lib\site-packages\django\contrib\admin\options.py first seen with mtime 1737556749.1461217
File C:\Users\chippy mol k.b\AppData\Local\Programs\Python\Python36\Lib\site-packages\markdown\serializers.py first seen with mtime 1735273277.5485206
File C:\Users\chippy mol k.b\AppData\Local\Programs\Python\Python36\Lib\site-packages\charset_normalizer\__init__.py first seen with mtime 1735273280.2676399
File C:\Users\chippy mol k.b\AppData\Local\Programs\Python\Python36\Lib\site-packages\requests\_internal_utils.py first seen with mtime 1735273277.3916874
File C:\Users\chippy mol k.b\AppData\Local\Programs\Python\Python36\Lib\site-packages\django\apps\config.py first seen with mtime 1737556748.907552
File C:\Users\chippy mol k.b\AppData\Local\Programs\Python\Python36\Lib\encodings\idna.py first seen with mtime 1530047490.0
File C:\Users\chippy mol k.b\AppData\Local\Programs\Python\Python36\Lib\site-packages\django\utils\termcolors.py first seen with mtime 1737556751.1534853
File C:\Users\chippy mol k.b\AppData\Local\Programs\Python\Python36\Lib\site-packages\django\template\backends\base.py first seen with mtime 1737556751.1066113
File C:\Users\chippy mol k.b\AppData\Local\Programs\Python\Python36\Lib\site-packages\urllib3\util\ssl_.py first seen with mtime 1735273279.608855
File C:\Users\chippy mol k.b\AppData\Local\Programs\Python\Python36\Lib\site-packages\django\views\generic\edit.py first seen with mtime 1737556751.1697333
File D:\PROJECT-2025-2026\viswajyothi\AI_powered_health\django_part\django_part\urls.py first seen with mtime 1762752716.3290339
File C:\Users\chippy mol k.b\AppData\Local\Programs\Python\Python36\Lib\site-packages\win32\lib\pywin32_bootstrap.py first seen with mtime 1751692602.3600557
File C:\Users\chippy mol k.b\AppData\Local\Programs\Python\Python36\Lib\site-packages\django\db\models\functions\__init__.py first seen with mtime 1737556751.0441122
File C:\Users\chippy mol k.b\AppData\Local\Programs\Python\Python36\Lib\site-packages\django\http\cookie.py first seen with mtime 1737556751.0909855
File C:\Users\chippy mol k.b\AppData\Local\Programs\Python\Python36\Lib\site-packages\sqlparse\filters\right_margin.py first seen with mtime 1737556747.4172807
File C:\Users\chippy mol k.b\AppData\Local\Programs\Python\Python36\Lib\site-packages\django\utils\topological_sort.py first seen with mtime 1737556751.1534853
File C:\Users\chippy mol k.b\AppData\Local\Programs\Python\Python36\Lib\site-packages\django\contrib\admin\decorators.py first seen with mtime 1737556749.1461217
File C:\Users\chippy mol k.b\AppData\Local\Programs\Python\Python36\Lib\site-packages\django\middleware\csrf.py first seen with mtime 1737556751.0909855
File C:\Users\chippy mol k.b\AppData\Local\Programs\Python\Python36\Lib\site-packages\requests\sessions.py first seen with mtime 1735273277.3916874
File C:\Users\chippy mol k.b\AppData\Local\Programs\Python\Python36\Lib\site-packages\django\conf\urls\static.py first seen with mtime 1737556749.130495
File C:\Users\chippy mol k.b\AppData\Local\Programs\Python\Python36\Lib\zipfile.py first seen with mtime 1530047490.0
File C:\Users\chippy mol k.b\AppData\Local\Programs\Python\Python36\Lib\site-packages\django\contrib\auth\apps.py first seen with mtime 1737556749.6279593
File C:\Users\chippy mol k.b\AppData\Local\Programs\Python\Python36\Lib\site-packages\django\views\debug.py first seen with mtime 1737556751.1534853
File C:\Users\chippy mol k.b\AppData\Local\Programs\Python\Python36\Lib\site-packages\django\utils\cache.py first seen with mtime 1737556751.1378598
File C:\Users\chippy mol k.b\AppData\Local\Programs\Python\Python36\Lib\ctypes\wintypes.py first seen with mtime 1530047490.0
File C:\Users\chippy mol k.b\AppData\Local\Programs\Python\Python36\Lib\asyncio\coroutines.py first seen with mtime 1530047490.0
File C:\Users\chippy mol k.b\AppData\Local\Programs\Python\Python36\Lib\site-packages\django\utils\datetime_safe.py first seen with mtime 1737556751.1378598
File C:\Users\chippy mol k.b\AppData\Local\Programs\Python\Python36\Lib\importlib\util.py first seen with mtime 1530047490.0
File C:\Users\chippy mol k.b\AppData\Local\Programs\Python\Python36\Lib\site-packages\django\contrib\staticfiles\management\__init__.py first seen with mtime 1737556750.9191108
File C:\Users\chippy mol k.b\AppData\Local\Programs\Python\Python36\Lib\site-packages\requests\__version__.py first seen with mtime 1735273277.3916874
File C:\Users\chippy mol k.b\AppData\Local\Programs\Python\Python36\Lib\site-packages\django\utils\timesince.py first seen with mtime 1737556751.1534853
File C:\Users\chippy mol k.b\AppData\Local\Programs\Python\Python36\Lib\site-packages\django\core\signals.py first seen with mtime 1737556750.9191108
File C:\Users\chippy mol k.b\AppData\Local\Programs\Python\Python36\Lib\site-packages\django\template\loader.py first seen with mtime 1737556751.1066113
File C:\Users\chippy mol k.b\AppData\Local\Programs\Python\Python36\Lib\site.py first seen with mtime 1530047490.0
File C:\Users\chippy mol k.b\AppData\Local\Programs\Python\Python36\Lib\tokenize.py first seen with mtime 1530047490.0
File C:\Users\chippy mol k.b\AppData\Local\Programs\Python\Python36\Lib\genericpath.py first seen with mtime 1530047490.0
File C:\Users\chippy mol k.b\AppData\Local\Programs\Python\Python36\Lib\site-packages\idna\intranges.py first seen with mtime 1758101860.7154152
File C:\Users\chippy mol k.b\AppData\Local\Programs\Python\Python36\Lib\site-packages\chardet\__init__.py first seen with mtime 1758101863.419731
File C:\Users\chippy mol k.b\AppData\Local\Programs\Python\Python36\Lib\quopri.py first seen with mtime 1530047490.0
File C:\Users\chippy mol k.b\AppData\Local\Programs\Python\Python36\Lib\site-packages\urllib3\contrib\__init__.py first seen with mtime 1735273279.608855
File C:\Users\chippy mol k.b\AppData\Local\Programs\Python\Python36\Lib\site-packages\django\views\generic\dates.py first seen with mtime 1737556751.1697333
File C:\Users\chippy mol k.b\AppData\Local\Programs\Python\Python36\Lib\site-packages\django\contrib\contenttypes\__init__.py first seen with mtime 1737556749.7685857
File C:\Users\chippy mol k.b\AppData\Local\Programs\Python\Python36\Lib\site-packages\django\db\migrations\operations\special.py first seen with mtime 1737556751.028486
File C:\Users\chippy mol k.b\AppData\Local\Programs\Python\Python36\Lib\json\encoder.py first seen with mtime 1530047490.0
File C:\Users\chippy mol k.b\AppData\Local\Programs\Python\Python36\Lib\site-packages\django\db\models\functions\comparison.py first seen with mtime 1737556751.0441122
File C:\Users\chippy mol k.b\AppData\Local\Programs\Python\Python36\Lib\site-packages\chardet\langgreekmodel.py first seen with mtime 1758101863.509847
File C:\Users\chippy mol k.b\AppData\Local\Programs\Python\Python36\Lib\site-packages\django\db\models\aggregates.py first seen with mtime 1737556751.028486
File C:\Users\chippy mol k.b\AppData\Local\Programs\Python\Python36\Lib\_collections_abc.py first seen with mtime 1530047490.0
File C:\Users\chippy mol k.b\AppData\Local\Programs\Python\Python36\Lib\site-packages\django\core\management\commands\runserver.py first seen with mtime 1737556750.9659855
File C:\Users\chippy mol k.b\AppData\Local\Programs\Python\Python36\Lib\email\policy.py first seen with mtime 1530047490.0
File C:\Users\chippy mol k.b\AppData\Local\Programs\Python\Python36\Lib\site-packages\urllib3\util\request.py first seen with mtime 1735273279.608855
File C:\Users\chippy mol k.b\AppData\Local\Programs\Python\Python36\Lib\site-packages\MySQLdb\__init__.py first seen with mtime 1738237034.4447794
File C:\Users\chippy mol k.b\AppData\Local\Programs\Python\Python36\Lib\site-packages\django\core\checks\database.py first seen with mtime 1737556750.934734
File C:\Users\chippy mol k.b\AppData\Local\Programs\Python\Python36\Lib\site-packages\django\db\migrations\exceptions.py first seen with mtime 1737556751.0128622
File C:\Users\chippy mol k.b\AppData\Local\Programs\Python\Python36\DLLs\_ssl.pyd first seen with mtime 1530051018.0
File C:\Users\chippy mol k.b\AppData\Local\Programs\Python\Python36\Lib\site-packages\requests\api.py first seen with mtime 1735273277.3916874
File C:\Users\chippy mol k.b\AppData\Local\Programs\Python\Python36\Lib\site-packages\chardet\euctwfreq.py first seen with mtime 1758101863.4754038
File C:\Users\chippy mol k.b\AppData\Local\Programs\Python\Python36\Lib\site-packages\django\template\library.py first seen with mtime 1737556751.1066113
File C:\Users\chippy mol k.b\AppData\Local\Programs\Python\Python36\Lib\numbers.py first seen with mtime 1530047490.0
File C:\Users\chippy mol k.b\AppData\Local\Programs\Python\Python36\Lib\pathlib.py first seen with mtime 1530047490.0
File C:\Users\chippy mol k.b\AppData\Local\Programs\Python\Python36\Lib\site-packages\rest_framework\validators.py first seen with mtime 1749718764.969877
File C:\Users\chippy mol k.b\AppData\Local\Programs\Python\Python36\Lib\site-packages\django\utils\formats.py first seen with mtime 1737556751.1378598
File C:\Users\chippy mol k.b\AppData\Local\Programs\Python\Python36\Lib\site-packages\django\template\exceptions.py first seen with mtime 1737556751.1066113
File C:\Users\chippy mol k.b\AppData\Local\Programs\Python\Python36\Lib\site-packages\urllib3\connectionpool.py first seen with mtime 1735273279.5932088
File C:\Users\chippy mol k.b\AppData\Local\Programs\Python\Python36\Lib\site-packages\django\contrib\admin\views\autocomplete.py first seen with mtime 1737556749.5054946
File C:\Users\chippy mol k.b\AppData\Local\Programs\Python\Python36\Lib\site-packages\requests\certs.py first seen with mtime 1735273277.3916874
File C:\Users\chippy mol k.b\AppData\Local\Programs\Python\Python36\Lib\locale.py first seen with mtime 1530047490.0
File C:\Users\chippy mol k.b\AppData\Local\Programs\Python\Python36\Lib\site-packages\django\contrib\auth\backends.py first seen with mtime 1737556749.6279593
File C:\Users\chippy mol k.b\AppData\Local\Programs\Python\Python36\Lib\site-packages\django\utils\asyncio.py first seen with mtime 1737556751.1378598
File C:\Users\chippy mol k.b\AppData\Local\Programs\Python\Python36\Lib\site-packages\django\forms\renderers.py first seen with mtime 1737556751.0597384
File C:\Users\chippy mol k.b\AppData\Local\Programs\Python\Python36\Lib\site-packages\rest_framework\__init__.py first seen with mtime 1749718764.8828788
File C:\Users\chippy mol k.b\AppData\Local\Programs\Python\Python36\Lib\site-packages\urllib3\util\queue.py first seen with mtime 1735273279.608855
File C:\Users\chippy mol k.b\AppData\Local\Programs\Python\Python36\Lib\site-packages\django\contrib\postgres\__init__.py first seen with mtime 1737556750.4219992
File C:\Users\chippy mol k.b\AppData\Local\Programs\Python\Python36\Lib\site-packages\sqlparse\engine\grouping.py first seen with mtime 1737556747.4172807
File C:\Users\chippy mol k.b\AppData\Local\Programs\Python\Python36\Lib\site-packages\MySQLdb\converters.py first seen with mtime 1738237034.454285
File C:\Users\chippy mol k.b\AppData\Local\Programs\Python\Python36\Lib\site-packages\django\http\request.py first seen with mtime 1737556751.0909855
File C:\Users\chippy mol k.b\AppData\Local\Programs\Python\Python36\Lib\site-packages\charset_normalizer\constant.py first seen with mtime 1735273280.2676399
File C:\Users\chippy mol k.b\AppData\Local\Programs\Python\Python36\Lib\site-packages\django\contrib\auth\tokens.py first seen with mtime 1737556749.6279593
File C:\Users\chippy mol k.b\AppData\Local\Programs\Python\Python36\Lib\getpass.py first seen with mtime 1530047490.0
File C:\Users\chippy mol k.b\AppData\Local\Programs\Python\Python36\Lib\subprocess.py first seen with mtime 1530047490.0
File C:\Users\chippy mol k.b\AppData\Local\Programs\Python\Python36\Lib\site-packages\asgiref\sync.py first seen with mtime 1737556748.735674
File C:\Users\chippy mol k.b\AppData\Local\Programs\Python\Python36\Lib\site-packages\django\db\models\constraints.py first seen with mtime 1737556751.028486
File C:\Users\chippy mol k.b\AppData\Local\Programs\Python\Python36\Lib\asyncio\base_subprocess.py first seen with mtime 1530047490.0
File C:\Users\chippy mol k.b\AppData\Local\Programs\Python\Python36\Lib\site-packages\django\db\models\functions\text.py first seen with mtime 1737556751.0441122
File C:\Users\chippy mol k.b\AppData\Local\Programs\Python\Python36\Lib\site-packages\django\db\backends\signals.py first seen with mtime 1737556750.981612
File C:\Users\chippy mol k.b\AppData\Local\Programs\Python\Python36\Lib\site-packages\charset_normalizer\models.py first seen with mtime 1735273280.2676399
File C:\Users\chippy mol k.b\AppData\Local\Programs\Python\Python36\Lib\site-packages\rest_framework\relations.py first seen with mtime 1749718764.9278767
File C:\Users\chippy mol k.b\AppData\Local\Programs\Python\Python36\Lib\site-packages\django\db\backends\base\introspection.py first seen with mtime 1737556750.981612
File C:\Users\chippy mol k.b\AppData\Local\Programs\Python\Python36\Lib\site-packages\django\core\cache\__init__.py first seen with mtime 1737556750.934734
File C:\Users\chippy mol k.b\AppData\Local\Programs\Python\Python36\Lib\site-packages\django\utils\__init__.py first seen with mtime 1737556751.1222348
File C:\Users\chippy mol k.b\AppData\Local\Programs\Python\Python36\Lib\site-packages\django\urls\resolvers.py first seen with mtime 1737556751.1222348
File C:\Users\chippy mol k.b\AppData\Local\Programs\Python\Python36\Lib\gettext.py first seen with mtime 1530047490.0
File C:\Users\chippy mol k.b\AppData\Local\Programs\Python\Python36\Lib\email\_header_value_parser.py first seen with mtime 1530047490.0
File C:\Users\chippy mol k.b\AppData\Local\Programs\Python\Python36\Lib\secrets.py first seen with mtime 1530047490.0
File C:\Users\chippy mol k.b\AppData\Local\Programs\Python\Python36\Lib\site-packages\django\utils\tree.py first seen with mtime 1737556751.1534853
File C:\Users\chippy mol k.b\AppData\Local\Programs\Python\Python36\Lib\importlib\machinery.py first seen with mtime 1530047490.0
File C:\Users\chippy mol k.b\AppData\Local\Programs\Python\Python36\Lib\site-packages\django\contrib\auth\admin.py first seen with mtime 1737556749.6279593
File C:\Users\chippy mol k.b\AppData\Local\Programs\Python\Python36\Lib\xml\__init__.py first seen with mtime 1530047490.0
File C:\Users\chippy mol k.b\AppData\Local\Programs\Python\Python36\Lib\site-packages\rest_framework\utils\timezone.py first seen with mtime 1749718766.004728
File C:\Users\chippy mol k.b\AppData\Local\Programs\Python\Python36\Lib\asyncio\base_tasks.py first seen with mtime 1530047490.0
File C:\Users\chippy mol k.b\AppData\Local\Programs\Python\Python36\Lib\site-packages\django\contrib\staticfiles\checks.py first seen with mtime 1737556750.9191108
File C:\Users\chippy mol k.b\AppData\Local\Programs\Python\Python36\Lib\site-packages\django\core\wsgi.py first seen with mtime 1737556750.9191108
File C:\Users\chippy mol k.b\AppData\Local\Programs\Python\Python36\Lib\site-packages\yaml\representer.py first seen with mtime 1736840099.0311084
File C:\Users\chippy mol k.b\AppData\Local\Programs\Python\Python36\Lib\site-packages\django\db\backends\base\base.py first seen with mtime 1737556750.981612
File C:\Users\chippy mol k.b\AppData\Local\Programs\Python\Python36\Lib\site-packages\idna\__init__.py first seen with mtime 1758101860.7048569
File C:\Users\chippy mol k.b\AppData\Local\Programs\Python\Python36\Lib\asyncio\log.py first seen with mtime 1530047490.0
File C:\Users\chippy mol k.b\AppData\Local\Programs\Python\Python36\Lib\email\quoprimime.py first seen with mtime 1530047490.0
File C:\Users\chippy mol k.b\AppData\Local\Programs\Python\Python36\Lib\site-packages\django\utils\encoding.py first seen with mtime 1737556751.1378598
File C:\Users\chippy mol k.b\AppData\Local\Programs\Python\Python36\Lib\site-packages\requests\models.py first seen with mtime 1735273277.3916874
File D:\PROJECT-2025-2026\viswajyothi\AI_powered_health\django_part\manage.py first seen with mtime 1762745283.452487
File C:\Users\chippy mol k.b\AppData\Local\Programs\Python\Python36\Lib\site-packages\urllib3\util\ssltransport.py first seen with mtime 1735273279.608855
File C:\Users\chippy mol k.b\AppData\Local\Programs\Python\Python36\Lib\_bootlocale.py first seen with mtime 1530047490.0
File C:\Users\chippy mol k.b\AppData\Local\Programs\Python\Python36\Lib\socketserver.py first seen with mtime 1530047490.0
File C:\Users\chippy mol k.b\AppData\Local\Programs\Python\Python36\Lib\logging\__init__.py first seen with mtime 1530047490.0
File C:\Users\chippy mol k.b\AppData\Local\Programs\Python\Python36\Lib\site-packages\rest_framework\utils\humanize_datetime.py first seen with mtime 1749718765.9807203
File C:\Users\chippy mol k.b\AppData\Local\Programs\Python\Python36\Lib\site-packages\django\urls\exceptions.py first seen with mtime 1737556751.1222348
File C:\Users\chippy mol k.b\AppData\Local\Programs\Python\Python36\Lib\site-packages\django\db\models\fields\json.py first seen with mtime 1737556751.0441122
File C:\Users\chippy mol k.b\AppData\Local\Programs\Python\Python36\Lib\site-packages\importlib_metadata\_adapters.py first seen with mtime 1733541481.7029424
File C:\Users\chippy mol k.b\AppData\Local\Programs\Python\Python36\Lib\ssl.py first seen with mtime 1530047490.0
File C:\Users\chippy mol k.b\AppData\Local\Programs\Python\Python36\Lib\site-packages\django\core\files\move.py first seen with mtime 1737556750.9503608
File C:\Users\chippy mol k.b\AppData\Local\Programs\Python\Python36\Lib\site-packages\django\core\serializers\__init__.py first seen with mtime 1737556750.9659855
File C:\Users\chippy mol k.b\AppData\Local\Programs\Python\Python36\Lib\weakref.py first seen with mtime 1530047490.0
File C:\Users\chippy mol k.b\AppData\Local\Programs\Python\Python36\Lib\site-packages\MySQLdb\constants\FIELD_TYPE.py first seen with mtime 1738237034.4607909
File C:\Users\chippy mol k.b\AppData\Local\Programs\Python\Python36\Lib\site-packages\chardet\langthaimodel.py first seen with mtime 1758101863.5127904
File C:\Users\chippy mol k.b\AppData\Local\Programs\Python\Python36\Lib\site-packages\django\contrib\contenttypes\models.py first seen with mtime 1737556749.7685857
File C:\Users\chippy mol k.b\AppData\Local\Programs\Python\Python36\Lib\site-packages\django\core\exceptions.py first seen with mtime 1737556750.9191108
File C:\Users\chippy mol k.b\AppData\Local\Programs\Python\Python36\DLLs\_overlapped.pyd first seen with mtime 1530050876.0
File C:\Users\chippy mol k.b\AppData\Local\Programs\Python\Python36\Lib\site-packages\requests\exceptions.py first seen with mtime 1735273277.3916874
File C:\Users\chippy mol k.b\AppData\Local\Programs\Python\Python36\Lib\ctypes\__init__.py first seen with mtime 1530047490.0
File C:\Users\chippy mol k.b\AppData\Local\Programs\Python\Python36\Lib\site-packages\colorama\initialise.py first seen with mtime 1733541481.587744
File C:\Users\chippy mol k.b\AppData\Local\Programs\Python\Python36\Lib\nturl2path.py first seen with mtime 1530047490.0
File C:\Users\chippy mol k.b\AppData\Local\Programs\Python\Python36\Lib\site-packages\requests\adapters.py first seen with mtime 1735273277.3916874
File C:\Users\chippy mol k.b\AppData\Local\Programs\Python\Python36\Lib\site-packages\django\db\migrations\utils.py first seen with mtime 1737556751.0128622
File C:\Users\chippy mol k.b\AppData\Local\Programs\Python\Python36\Lib\site-packages\MySQLdb\constants\FLAG.py first seen with mtime 1738237034.4607909
File C:\Users\chippy mol k.b\AppData\Local\Programs\Python\Python36\DLLs\_socket.pyd first seen with mtime 1530050914.0
File C:\Users\chippy mol k.b\AppData\Local\Programs\Python\Python36\Lib\site-packages\django\db\models\functions\mixins.py first seen with mtime 1737556751.0441122
File C:\Users\chippy mol k.b\AppData\Local\Programs\Python\Python36\Lib\site-packages\requests\structures.py first seen with mtime 1735273277.3916874
File C:\Users\chippy mol k.b\AppData\Local\Programs\Python\Python36\Lib\email\feedparser.py first seen with mtime 1530047490.0
File C:\Users\chippy mol k.b\AppData\Local\Programs\Python\Python36\Lib\site-packages\django\forms\forms.py first seen with mtime 1737556751.0597384
File C:\Users\chippy mol k.b\AppData\Local\Programs\Python\Python36\Lib\logging\config.py first seen with mtime 1530047490.0
File C:\Users\chippy mol k.b\AppData\Local\Programs\Python\Python36\Lib\stat.py first seen with mtime 1530047490.0
File C:\Users\chippy mol k.b\AppData\Local\Programs\Python\Python36\Lib\site-packages\django\core\checks\messages.py first seen with mtime 1737556750.934734
File C:\Users\chippy mol k.b\AppData\Local\Programs\Python\Python36\Lib\collections\__init__.py first seen with mtime 1530047490.0
File C:\Users\chippy mol k.b\AppData\Local\Programs\Python\Python36\Lib\site-packages\django\core\checks\__init__.py first seen with mtime 1737556750.934734
File C:\Users\chippy mol k.b\AppData\Local\Programs\Python\Python36\Lib\site-packages\django\db\backends\base\operations.py first seen with mtime 1737556750.981612
File C:\Users\chippy mol k.b\AppData\Local\Programs\Python\Python36\Lib\site-packages\django\contrib\contenttypes\apps.py first seen with mtime 1737556749.7685857
File C:\Users\chippy mol k.b\AppData\Local\Programs\Python\Python36\Lib\site-packages\chardet\gb2312prober.py first seen with mtime 1758101863.485476
File C:\Users\chippy mol k.b\AppData\Local\Programs\Python\Python36\Lib\platform.py first seen with mtime 1530047490.0
File C:\Users\chippy mol k.b\AppData\Local\Programs\Python\Python36\Lib\encodings\utf_8.py first seen with mtime 1530047490.0
File C:\Users\chippy mol k.b\AppData\Local\Programs\Python\Python36\Lib\site-packages\chardet\enums.py first seen with mtime 1758101863.4491434
File C:\Users\chippy mol k.b\AppData\Local\Programs\Python\Python36\Lib\unittest\suite.py first seen with mtime 1530047490.0
File C:\Users\chippy mol k.b\AppData\Local\Programs\Python\Python36\Lib\site-packages\sqlparse\engine\__init__.py first seen with mtime 1737556747.4172807
File C:\Users\chippy mol k.b\AppData\Local\Programs\Python\Python36\Lib\site-packages\django\db\models\sql\datastructures.py first seen with mtime 1737556751.0441122
File C:\Users\chippy mol k.b\AppData\Local\Programs\Python\Python36\Lib\site-packages\django\dispatch\dispatcher.py first seen with mtime 1737556751.0597384
File C:\Users\chippy mol k.b\AppData\Local\Programs\Python\Python36\Lib\asyncio\proactor_events.py first seen with mtime 1530047490.0
File C:\Users\chippy mol k.b\AppData\Local\Programs\Python\Python36\Lib\site-packages\colorama\__init__.py first seen with mtime 1733541481.587744
File C:\Users\chippy mol k.b\AppData\Local\Programs\Python\Python36\Lib\site-packages\rest_framework\templatetags\rest_framework.py first seen with mtime 1749718765.9567263
File C:\Users\chippy mol k.b\AppData\Local\Programs\Python\Python36\Lib\site-packages\django\core\files\uploadedfile.py first seen with mtime 1737556750.9503608
File C:\Users\chippy mol k.b\AppData\Local\Programs\Python\Python36\Lib\site-packages\django\core\management\color.py first seen with mtime 1737556750.9503608
File C:\Users\chippy mol k.b\AppData\Local\Programs\Python\Python36\Lib\site-packages\urllib3\response.py first seen with mtime 1735273279.5932088
File C:\Users\chippy mol k.b\AppData\Local\Programs\Python\Python36\Lib\site-packages\django\template\utils.py first seen with mtime 1737556751.1066113
File C:\Users\chippy mol k.b\AppData\Local\Programs\Python\Python36\Lib\site-packages\django\template\base.py first seen with mtime 1737556751.1066113
File C:\Users\chippy mol k.b\AppData\Local\Programs\Python\Python36\Lib\site-packages\django\core\files\__init__.py first seen with mtime 1737556750.934734
File C:\Users\chippy mol k.b\AppData\Local\Programs\Python\Python36\Lib\site-packages\django\template\loaders\app_directories.py first seen with mtime 1737556751.1066113
File C:\Users\chippy mol k.b\AppData\Local\Programs\Python\Python36\Lib\site-packages\django\db\models\signals.py first seen with mtime 1737556751.028486
File C:\Users\chippy mol k.b\AppData\Local\Programs\Python\Python36\Lib\site-packages\django\db\backends\mysql\operations.py first seen with mtime 1737556750.9972384
File C:\Users\chippy mol k.b\AppData\Local\Programs\Python\Python36\Lib\ctypes\_endian.py first seen with mtime 1530047490.0
File C:\Users\chippy mol k.b\AppData\Local\Programs\Python\Python36\Lib\site-packages\django\utils\version.py first seen with mtime 1737556751.1534853
File C:\Users\chippy mol k.b\AppData\Local\Programs\Python\Python36\Lib\site-packages\django\db\models\sql\query.py first seen with mtime 1737556751.0597384
File C:\Users\chippy mol k.b\AppData\Local\Programs\Python\Python36\Lib\site-packages\django\template\backends\__init__.py first seen with mtime 1737556751.1066113
File C:\Users\chippy mol k.b\AppData\Local\Programs\Python\Python36\Lib\wsgiref\__init__.py first seen with mtime 1530047490.0
File C:\Users\chippy mol k.b\AppData\Local\Programs\Python\Python36\Lib\asyncio\windows_events.py first seen with mtime 1530047490.0
File C:\Users\chippy mol k.b\AppData\Local\Programs\Python\Python36\Lib\site-packages\django\core\checks\security\__init__.py first seen with mtime 1737556750.934734
File C:\Users\chippy mol k.b\AppData\Local\Programs\Python\Python36\Lib\html\__init__.py first seen with mtime 1530047490.0
File C:\Users\chippy mol k.b\AppData\Local\Programs\Python\Python36\Lib\unittest\main.py first seen with mtime 1530047490.0
File C:\Users\chippy mol k.b\AppData\Local\Programs\Python\Python36\Lib\site-packages\django\contrib\admin\widgets.py first seen with mtime 1737556749.1461217
File C:\Users\chippy mol k.b\AppData\Local\Programs\Python\Python36\Lib\site-packages\django\db\migrations\operations\fields.py first seen with mtime 1737556751.028486
File C:\Users\chippy mol k.b\AppData\Local\Programs\Python\Python36\Lib\site-packages\colorama\ansitowin32.py first seen with mtime 1733541481.587744
File C:\Users\chippy mol k.b\AppData\Local\Programs\Python\Python36\Lib\site-packages\zipp.py first seen with mtime 1733541481.855803
File C:\Users\chippy mol k.b\AppData\Local\Programs\Python\Python36\Lib\site-packages\markdown\extensions\__init__.py first seen with mtime 1735273277.5485206
File C:\Users\chippy mol k.b\AppData\Local\Programs\Python\Python36\Lib\email\_policybase.py first seen with mtime 1530047490.0
File C:\Users\chippy mol k.b\AppData\Local\Programs\Python\Python36\Lib\site-packages\urllib3\__init__.py first seen with mtime 1735273279.5932088
File C:\Users\chippy mol k.b\AppData\Local\Programs\Python\Python36\Lib\site-packages\MySQLdb\times.py first seen with mtime 1738237034.454285
File C:\Users\chippy mol k.b\AppData\Local\Programs\Python\Python36\Lib\site-packages\django\db\backends\mysql\client.py first seen with mtime 1737556750.9972384
File C:\Users\chippy mol k.b\AppData\Local\Programs\Python\Python36\Lib\site-packages\django\core\checks\security\base.py first seen with mtime 1737556750.934734
File C:\Users\chippy mol k.b\AppData\Local\Programs\Python\Python36\Lib\os.py first seen with mtime 1530047490.0
File C:\Users\chippy mol k.b\AppData\Local\Programs\Python\Python36\Lib\opcode.py first seen with mtime 1530047490.0
File C:\Users\chippy mol k.b\AppData\Local\Programs\Python\Python36\Lib\site-packages\django\views\i18n.py first seen with mtime 1737556751.1534853
File C:\Users\chippy mol k.b\AppData\Local\Programs\Python\Python36\Lib\site-packages\django\contrib\staticfiles\management\commands\__init__.py first seen with mtime 1737556750.9191108
File C:\Users\chippy mol k.b\AppData\Local\Programs\Python\Python36\Lib\site-packages\django\utils\hashable.py first seen with mtime 1737556751.1378598
File C:\Users\chippy mol k.b\AppData\Local\Programs\Python\Python36\Lib\encodings\__init__.py first seen with mtime 1530047490.0
File C:\Users\chippy mol k.b\AppData\Local\Programs\Python\Python36\Lib\site-packages\django\db\backends\mysql\creation.py first seen with mtime 1737556750.9972384
File C:\Users\chippy mol k.b\AppData\Local\Programs\Python\Python36\Lib\site-packages\django\db\models\indexes.py first seen with mtime 1737556751.028486
File C:\Users\chippy mol k.b\AppData\Local\Programs\Python\Python36\Lib\site-packages\django\db\models\fields\related_lookups.py first seen with mtime 1737556751.0441122
File C:\Users\chippy mol k.b\AppData\Local\Programs\Python\Python36\Lib\site-packages\django\utils\functional.py first seen with mtime 1737556751.1378598
File C:\Users\chippy mol k.b\AppData\Local\Programs\Python\Python36\Lib\site-packages\pytz\lazy.py first seen with mtime 1737556748.3250825
File C:\Users\chippy mol k.b\AppData\Local\Programs\Python\Python36\Lib\email\mime\base.py first seen with mtime 1530047490.0
File C:\Users\chippy mol k.b\AppData\Local\Programs\Python\Python36\Lib\site-packages\django\utils\deprecation.py first seen with mtime 1737556751.1378598
File C:\Users\chippy mol k.b\AppData\Local\Programs\Python\Python36\Lib\asyncio\__init__.py first seen with mtime 1530047490.0
File C:\Users\chippy mol k.b\AppData\Local\Programs\Python\Python36\Lib\site-packages\django\contrib\admin\utils.py first seen with mtime 1737556749.1461217
File C:\Users\chippy mol k.b\AppData\Local\Programs\Python\Python36\Lib\email\parser.py first seen with mtime 1530047490.0
File C:\Users\chippy mol k.b\AppData\Local\Programs\Python\Python36\Lib\site-packages\django\contrib\messages\api.py first seen with mtime 1737556750.406375
File C:\Users\chippy mol k.b\AppData\Local\Programs\Python\Python36\Lib\json\decoder.py first seen with mtime 1530047490.0
File C:\Users\chippy mol k.b\AppData\Local\Programs\Python\Python36\Lib\site-packages\django\urls\base.py first seen with mtime 1737556751.1222348
File C:\Users\chippy mol k.b\AppData\Local\Programs\Python\Python36\Lib\site-packages\rest_framework\templatetags\__init__.py first seen with mtime 1749718765.9467225
File C:\Users\chippy mol k.b\AppData\Local\Programs\Python\Python36\Lib\site-packages\django\urls\utils.py first seen with mtime 1737556751.1222348
File C:\Users\chippy mol k.b\AppData\Local\Programs\Python\Python36\Lib\site-packages\django\contrib\auth\__init__.py first seen with mtime 1737556749.6279593
File C:\Users\chippy mol k.b\AppData\Local\Programs\Python\Python36\Lib\site-packages\django\views\__init__.py first seen with mtime 1737556751.1534853
File C:\Users\chippy mol k.b\AppData\Local\Programs\Python\Python36\Lib\site-packages\django\template\loaders\__init__.py first seen with mtime 1737556751.1066113
File C:\Users\chippy mol k.b\AppData\Local\Programs\Python\Python36\DLLs\_elementtree.pyd first seen with mtime 1530050876.0
File C:\Users\chippy mol k.b\AppData\Local\Programs\Python\Python36\Lib\site-packages\sqlparse\filters\reindent.py first seen with mtime 1737556747.4172807
File C:\Users\chippy mol k.b\AppData\Local\Programs\Python\Python36\Lib\site-packages\rest_framework\exceptions.py first seen with mtime 1749718764.8968801
File C:\Users\chippy mol k.b\AppData\Local\Programs\Python\Python36\Lib\collections\abc.py first seen with mtime 1530047490.0
File C:\Users\chippy mol k.b\AppData\Local\Programs\Python\Python36\Lib\site-packages\django\contrib\admin\templatetags\log.py first seen with mtime 1737556749.5054946
File C:\Users\chippy mol k.b\AppData\Local\Programs\Python\Python36\Lib\site-packages\chardet\chardistribution.py first seen with mtime 1758101863.4297655
File C:\Users\chippy mol k.b\AppData\Local\Programs\Python\Python36\Lib\site-packages\django\contrib\staticfiles\__init__.py first seen with mtime 1737556750.9191108
File C:\Users\chippy mol k.b\AppData\Local\Programs\Python\Python36\Lib\site-packages\django\utils\lorem_ipsum.py first seen with mtime 1737556751.1534853
File C:\Users\chippy mol k.b\AppData\Local\Programs\Python\Python36\Lib\site-packages\django\core\management\base.py first seen with mtime 1737556750.9503608
File C:\Users\chippy mol k.b\AppData\Local\Programs\Python\Python36\Lib\site-packages\urllib3\util\__init__.py first seen with mtime 1735273279.608855
File C:\Users\chippy mol k.b\AppData\Local\Programs\Python\Python36\Lib\site-packages\django\db\migrations\state.py first seen with mtime 1737556751.0128622
File C:\Users\chippy mol k.b\AppData\Local\Programs\Python\Python36\Lib\site-packages\sqlparse\engine\statement_splitter.py first seen with mtime 1737556747.4172807
File C:\Users\chippy mol k.b\AppData\Local\Programs\Python\Python36\Lib\urllib\request.py first seen with mtime 1530047490.0
File C:\Users\chippy mol k.b\AppData\Local\Programs\Python\Python36\Lib\site-packages\rest_framework\utils\formatting.py first seen with mtime 1749718765.9787242
File C:\Users\chippy mol k.b\AppData\Local\Programs\Python\Python36\Lib\site-packages\MySQLdb\_exceptions.py first seen with mtime 1738237034.45132
File C:\Users\chippy mol k.b\AppData\Local\Programs\Python\Python36\Lib\site-packages\MySQLdb\_mysql.cp36-win_amd64.pyd first seen with mtime 1738237034.454285
File C:\Users\chippy mol k.b\AppData\Local\Programs\Python\Python36\Lib\site-packages\django\core\mail\utils.py first seen with mtime 1737556750.9503608
File C:\Users\chippy mol k.b\AppData\Local\Programs\Python\Python36\Lib\email\mime\nonmultipart.py first seen with mtime 1530047490.0
File C:\Users\chippy mol k.b\AppData\Local\Programs\Python\Python36\Lib\site-packages\asgiref\compatibility.py first seen with mtime 1737556748.735674
File C:\Users\chippy mol k.b\AppData\Local\Programs\Python\Python36\Lib\multiprocessing\reduction.py first seen with mtime 1530047490.0
File C:\Users\chippy mol k.b\AppData\Local\Programs\Python\Python36\Lib\asyncio\events.py first seen with mtime 1530047490.0
File C:\Users\chippy mol k.b\AppData\Local\Programs\Python\Python36\Lib\site-packages\django\db\migrations\operations\models.py first seen with mtime 1737556751.028486
File C:\Users\chippy mol k.b\AppData\Local\Programs\Python\Python36\Lib\site-packages\django\db\backends\mysql\base.py first seen with mtime 1737556750.981612
File C:\Users\chippy mol k.b\AppData\Local\Programs\Python\Python36\Lib\concurrent\futures\process.py first seen with mtime 1530047490.0
File C:\Users\chippy mol k.b\AppData\Local\Programs\Python\Python36\Lib\site-packages\MySQLdb\constants\CLIENT.py first seen with mtime 1738237034.454285
File C:\Users\chippy mol k.b\AppData\Local\Programs\Python\Python36\Lib\encodings\cp1252.py first seen with mtime 1530047490.0
File C:\Users\chippy mol k.b\AppData\Local\Programs\Python\Python36\Lib\site-packages\yaml\events.py first seen with mtime 1736840099.0284047
File C:\Users\chippy mol k.b\AppData\Local\Programs\Python\Python36\Lib\site-packages\django\conf\__init__.py first seen with mtime 1737556748.907552
File C:\Users\chippy mol k.b\AppData\Local\Programs\Python\Python36\Lib\site-packages\urllib3\_collections.py first seen with mtime 1735273279.5932088
File C:\Users\chippy mol k.b\AppData\Local\Programs\Python\Python36\Lib\site-packages\django\utils\regex_helper.py first seen with mtime 1737556751.1534853
File C:\Users\chippy mol k.b\AppData\Local\Programs\Python\Python36\Lib\heapq.py first seen with mtime 1530047490.0
File C:\Users\chippy mol k.b\AppData\Local\Programs\Python\Python36\Lib\site-packages\chardet\eucjpprober.py first seen with mtime 1758101863.4649067
File C:\Users\chippy mol k.b\AppData\Local\Programs\Python\Python36\Lib\site-packages\django\http\__init__.py first seen with mtime 1737556751.0909855
File C:\Users\chippy mol k.b\AppData\Local\Programs\Python\Python36\Lib\_compat_pickle.py first seen with mtime 1530047490.0
File C:\Users\chippy mol k.b\AppData\Local\Programs\Python\Python36\Lib\bz2.py first seen with mtime 1530047490.0
File C:\Users\chippy mol k.b\AppData\Local\Programs\Python\Python36\Lib\site-packages\requests\cookies.py first seen with mtime 1735273277.3916874
File C:\Users\chippy mol k.b\AppData\Local\Programs\Python\Python36\Lib\site-packages\django\db\migrations\migration.py first seen with mtime 1737556751.0128622
File C:\Users\chippy mol k.b\AppData\Local\Programs\Python\Python36\Lib\site-packages\django\utils\decorators.py first seen with mtime 1737556751.1378598
File C:\Users\chippy mol k.b\AppData\Local\Programs\Python\Python36\Lib\site-packages\idna\package_data.py first seen with mtime 1758101860.7297254
File C:\Users\chippy mol k.b\AppData\Local\Programs\Python\Python36\Lib\hashlib.py first seen with mtime 1530047490.0
File C:\Users\chippy mol k.b\AppData\Local\Programs\Python\Python36\Lib\site-packages\urllib3\_version.py first seen with mtime 1735273279.5932088
File C:\Users\chippy mol k.b\AppData\Local\Programs\Python\Python36\Lib\site-packages\yaml\error.py first seen with mtime 1736840099.0284047
File C:\Users\chippy mol k.b\AppData\Local\Programs\Python\Python36\Lib\site-packages\django\core\checks\security\csrf.py first seen with mtime 1737556750.934734
File C:\Users\chippy mol k.b\AppData\Local\Programs\Python\Python36\Lib\site-packages\chardet\big5prober.py first seen with mtime 1758101863.4277582
File C:\Users\chippy mol k.b\AppData\Local\Programs\Python\Python36\Lib\site-packages\django\contrib\admin\templatetags\__init__.py first seen with mtime 1737556749.5054946
File C:\Users\chippy mol k.b\AppData\Local\Programs\Python\Python36\Lib\site-packages\django\core\handlers\__init__.py first seen with mtime 1737556750.9503608
File C:\Users\chippy mol k.b\AppData\Local\Programs\Python\Python36\Lib\operator.py first seen with mtime 1530047490.0
File C:\Users\chippy mol k.b\AppData\Local\Programs\Python\Python36\Lib\site-packages\django\core\validators.py first seen with mtime 1737556750.9191108
File C:\Users\chippy mol k.b\AppData\Local\Programs\Python\Python36\Lib\site-packages\yaml\composer.py first seen with mtime 1736840099.0094464
File C:\Users\chippy mol k.b\AppData\Local\Programs\Python\Python36\Lib\site-packages\rest_framework\apps.py first seen with mtime 1749718764.8849707
File C:\Users\chippy mol k.b\AppData\Local\Programs\Python\Python36\Lib\site-packages\django\core\checks\security\sessions.py first seen with mtime 1737556750.934734
File C:\Users\chippy mol k.b\AppData\Local\Programs\Python\Python36\Lib\site-packages\rest_framework\utils\serializer_helpers.py first seen with mtime 1749718765.9977267
File C:\Users\chippy mol k.b\AppData\Local\Programs\Python\Python36\Lib\site-packages\django\db\models\sql\constants.py first seen with mtime 1737556751.0441122
File C:\Users\chippy mol k.b\AppData\Local\Programs\Python\Python36\Lib\site-packages\django\contrib\sessions\backends\base.py first seen with mtime 1737556750.6521668
File C:\Users\chippy mol k.b\AppData\Local\Programs\Python\Python36\Lib\site-packages\django\core\files\utils.py first seen with mtime 1737556750.9503608
File C:\Users\chippy mol k.b\AppData\Local\Programs\Python\Python36\Lib\site-packages\django\core\management\__init__.py first seen with mtime 1737556750.9503608
File C:\Users\chippy mol k.b\AppData\Local\Programs\Python\Python36\Lib\site-packages\sqlparse\filters\tokens.py first seen with mtime 1737556747.4172807
File C:\Users\chippy mol k.b\AppData\Local\Programs\Python\Python36\Lib\string.py first seen with mtime 1530047490.0
File C:\Users\chippy mol k.b\AppData\Local\Programs\Python\Python36\Lib\site-packages\django\utils\translation\__init__.py first seen with mtime 1737556751.1534853
File C:\Users\chippy mol k.b\AppData\Local\Programs\Python\Python36\Lib\site-packages\urllib3\poolmanager.py first seen with mtime 1735273279.5932088
File C:\Users\chippy mol k.b\AppData\Local\Programs\Python\Python36\Lib\argparse.py first seen with mtime 1530047490.0
File C:\Users\chippy mol k.b\AppData\Local\Programs\Python\Python36\Lib\email\contentmanager.py first seen with mtime 1530047490.0
File C:\Users\chippy mol k.b\AppData\Local\Programs\Python\Python36\Lib\site-packages\django\db\models\functions\datetime.py first seen with mtime 1737556751.0441122
File C:\Users\chippy mol k.b\AppData\Local\Programs\Python\Python36\Lib\site-packages\django\utils\http.py first seen with mtime 1737556751.1378598
File C:\Users\chippy mol k.b\AppData\Local\Programs\Python\Python36\Lib\site-packages\django\contrib\messages\__init__.py first seen with mtime 1737556750.406375
File C:\Users\chippy mol k.b\AppData\Local\Programs\Python\Python36\Lib\site-packages\rest_framework\compat.py first seen with mtime 1749718764.8899908
File C:\Users\chippy mol k.b\AppData\Local\Programs\Python\Python36\Lib\unittest\__init__.py first seen with mtime 1530047490.0
File C:\Users\chippy mol k.b\AppData\Local\Programs\Python\Python36\Lib\site-packages\yaml\constructor.py first seen with mtime 1736840099.0094464
File C:\Users\chippy mol k.b\AppData\Local\Programs\Python\Python36\Lib\site-packages\django\core\cache\backends\filebased.py first seen with mtime 1737556750.934734
File C:\Users\chippy mol k.b\AppData\Local\Programs\Python\Python36\Lib\unittest\util.py first seen with mtime 1530047490.0
File C:\Users\chippy mol k.b\AppData\Local\Programs\Python\Python36\Lib\site-packages\django\core\handlers\base.py first seen with mtime 1737556750.9503608
File C:\Users\chippy mol k.b\AppData\Local\Programs\Python\Python36\Lib\site-packages\sqlparse\filters\aligned_indent.py first seen with mtime 1737556747.4172807
File C:\Users\chippy mol k.b\AppData\Local\Programs\Python\Python36\Lib\site-packages\charset_normalizer\md.py first seen with mtime 1735273280.2676399
File C:\Users\chippy mol k.b\AppData\Local\Programs\Python\Python36\Lib\site-packages\charset_normalizer\utils.py first seen with mtime 1735273280.2676399
File C:\Users\chippy mol k.b\AppData\Local\Programs\Python\Python36\Lib\site-packages\django\core\checks\caches.py first seen with mtime 1737556750.934734
File C:\Users\chippy mol k.b\AppData\Local\Programs\Python\Python36\Lib\site-packages\django\db\models\fields\proxy.py first seen with mtime 1737556751.0441122
File C:\Users\chippy mol k.b\AppData\Local\Programs\Python\Python36\Lib\site-packages\django\db\models\functions\math.py first seen with mtime 1737556751.0441122
File C:\Users\chippy mol k.b\AppData\Local\Programs\Python\Python36\Lib\types.py first seen with mtime 1530047490.0
File C:\Users\chippy mol k.b\AppData\Local\Programs\Python\Python36\Lib\site-packages\django\contrib\auth\signals.py first seen with mtime 1737556749.6279593
File C:\Users\chippy mol k.b\AppData\Local\Programs\Python\Python36\Lib\site-packages\django\contrib\admin\templatetags\admin_modify.py first seen with mtime 1737556749.5054946
File C:\Users\chippy mol k.b\AppData\Local\Programs\Python\Python36\Lib\email\utils.py first seen with mtime 1530047490.0
File C:\Users\chippy mol k.b\AppData\Local\Programs\Python\Python36\Lib\encodings\aliases.py first seen with mtime 1530047490.0
File C:\Users\chippy mol k.b\AppData\Local\Programs\Python\Python36\Lib\difflib.py first seen with mtime 1530047490.0
File C:\Users\chippy mol k.b\AppData\Local\Programs\Python\Python36\Lib\site-packages\django\utils\translation\trans_real.py first seen with mtime 1737556751.1534853
File C:\Users\chippy mol k.b\AppData\Local\Programs\Python\Python36\Lib\site-packages\django\db\backends\base\features.py first seen with mtime 1737556750.981612
File C:\Users\chippy mol k.b\AppData\Local\Programs\Python\Python36\Lib\site-packages\markdown\inlinepatterns.py first seen with mtime 1735273277.5485206
File C:\Users\chippy mol k.b\AppData\Local\Programs\Python\Python36\Lib\threading.py first seen with mtime 1530047490.0
File C:\Users\chippy mol k.b\AppData\Local\Programs\Python\Python36\Lib\site-packages\django\contrib\sessions\__init__.py first seen with mtime 1737556750.6481702
File C:\Users\chippy mol k.b\AppData\Local\Programs\Python\Python36\Lib\site-packages\django\core\files\storage.py first seen with mtime 1737556750.9503608
File C:\Users\chippy mol k.b\AppData\Local\Programs\Python\Python36\Lib\site-packages\django\forms\models.py first seen with mtime 1737556751.0597384
File C:\Users\chippy mol k.b\AppData\Local\Programs\Python\Python36\Lib\site-packages\django\views\decorators\common.py first seen with mtime 1737556751.1697333
File C:\Users\chippy mol k.b\AppData\Local\Programs\Python\Python36\Lib\site-packages\chardet\gb2312freq.py first seen with mtime 1758101863.4834697
File C:\Users\chippy mol k.b\AppData\Local\Programs\Python\Python36\Lib\wsgiref\headers.py first seen with mtime 1530047490.0
File C:\Users\chippy mol k.b\AppData\Local\Programs\Python\Python36\Lib\site-packages\django\contrib\auth\checks.py first seen with mtime 1737556749.6279593
File C:\Users\chippy mol k.b\AppData\Local\Programs\Python\Python36\Lib\site-packages\urllib3\util\timeout.py first seen with mtime 1735273279.608855
File C:\Users\chippy mol k.b\AppData\Local\Programs\Python\Python36\Lib\site-packages\django\template\loader_tags.py first seen with mtime 1737556751.1066113
File C:\Users\chippy mol k.b\AppData\Local\Programs\Python\Python36\Lib\site-packages\django\utils\timezone.py first seen with mtime 1737556751.1534853
File C:\Users\chippy mol k.b\AppData\Local\Programs\Python\Python36\Lib\site-packages\urllib3\contrib\_appengine_environ.py first seen with mtime 1735273279.608855
File C:\Users\chippy mol k.b\AppData\Local\Programs\Python\Python36\Lib\urllib\response.py first seen with mtime 1530047490.0
File C:\Users\chippy mol k.b\AppData\Local\Programs\Python\Python36\Lib\site-packages\django\core\cache\backends\base.py first seen with mtime 1737556750.934734
File C:\Users\chippy mol k.b\AppData\Local\Programs\Python\Python36\Lib\site-packages\chardet\euctwprober.py first seen with mtime 1758101863.4809272
File C:\Users\chippy mol k.b\AppData\Local\Programs\Python\Python36\DLLs\unicodedata.pyd first seen with mtime 1530050882.0
File C:\Users\chippy mol k.b\AppData\Local\Programs\Python\Python36\Lib\wsgiref\util.py first seen with mtime 1530047490.0
File C:\Users\chippy mol k.b\AppData\Local\Programs\Python\Python36\Lib\pprint.py first seen with mtime 1530047490.0
File C:\Users\chippy mol k.b\AppData\Local\Programs\Python\Python36\Lib\site-packages\requests\utils.py first seen with mtime 1735273277.4073453
File C:\Users\chippy mol k.b\AppData\Local\Programs\Python\Python36\Lib\site-packages\django\core\checks\model_checks.py first seen with mtime 1737556750.934734
File C:\Users\chippy mol k.b\AppData\Local\Programs\Python\Python36\Lib\asyncio\base_futures.py first seen with mtime 1530047490.0
File C:\Users\chippy mol k.b\AppData\Local\Programs\Python\Python36\Lib\site-packages\django\urls\__init__.py first seen with mtime 1737556751.1222348
File D:\PROJECT-2025-2026\viswajyothi\AI_powered_health\django_part\myapp\apps.py first seen with mtime 1762745284.4294662
File C:\Users\chippy mol k.b\AppData\Local\Programs\Python\Python36\Lib\site-packages\django\views\generic\list.py first seen with mtime 1737556751.1697333
File C:\Users\chippy mol k.b\AppData\Local\Programs\Python\Python36\Lib\site-packages\rest_framework\utils\__init__.py first seen with mtime 1749718765.9577208
File C:\Users\chippy mol k.b\AppData\Local\Programs\Python\Python36\Lib\site-packages\chardet\sbcsgroupprober.py first seen with mtime 1758101863.532395
File C:\Users\chippy mol k.b\AppData\Local\Programs\Python\Python36\Lib\site-packages\charset_normalizer\api.py first seen with mtime 1735273280.2676399
File C:\Users\chippy mol k.b\AppData\Local\Programs\Python\Python36\Lib\site-packages\django\db\models\lookups.py first seen with mtime 1737556751.028486
File C:\Users\chippy mol k.b\AppData\Local\Programs\Python\Python36\Lib\site-packages\django\core\serializers\python.py first seen with mtime 1737556750.981612
File C:\Users\chippy mol k.b\AppData\Local\Programs\Python\Python36\Lib\inspect.py first seen with mtime 1530047490.0
File C:\Users\chippy mol k.b\AppData\Local\Programs\Python\Python36\Lib\site-packages\requests\hooks.py first seen with mtime 1735273277.3916874
File C:\Users\chippy mol k.b\AppData\Local\Programs\Python\Python36\Lib\site-packages\requests\auth.py first seen with mtime 1735273277.3916874
File C:\Users\chippy mol k.b\AppData\Local\Programs\Python\Python36\Lib\site-packages\django\db\models\enums.py first seen with mtime 1737556751.028486
File C:\Users\chippy mol k.b\AppData\Local\Programs\Python\Python36\Lib\site-packages\chardet\jpcntx.py first seen with mtime 1758101863.4986742
File C:\Users\chippy mol k.b\AppData\Local\Programs\Python\Python36\Lib\site-packages\sqlparse\filters\__init__.py first seen with mtime 1737556747.4172807
File C:\Users\chippy mol k.b\AppData\Local\Programs\Python\Python36\Lib\site-packages\chardet\mbcsgroupprober.py first seen with mtime 1758101863.5240216
File C:\Users\chippy mol k.b\AppData\Local\Programs\Python\Python36\Lib\site-packages\django\db\models\manager.py first seen with mtime 1737556751.028486
File C:\Users\chippy mol k.b\AppData\Local\Programs\Python\Python36\Lib\site-packages\django\contrib\admin\helpers.py first seen with mtime 1737556749.1461217
File C:\Users\chippy mol k.b\AppData\Local\Programs\Python\Python36\Lib\site-packages\colorama\win32.py first seen with mtime 1733541481.587744
File C:\Users\chippy mol k.b\AppData\Local\Programs\Python\Python36\Lib\site-packages\django\core\__init__.py first seen with mtime 1737556750.9191108
File C:\Users\chippy mol k.b\AppData\Local\Programs\Python\Python36\Lib\site-packages\django\forms\boundfield.py first seen with mtime 1737556751.0597384
File C:\Users\chippy mol k.b\AppData\Local\Programs\Python\Python36\Lib\site-packages\django\db\models\base.py first seen with mtime 1737556751.028486
File C:\Users\chippy mol k.b\AppData\Local\Programs\Python\Python36\Lib\site-packages\django\utils\safestring.py first seen with mtime 1737556751.1534853
File C:\Users\chippy mol k.b\AppData\Local\Programs\Python\Python36\Lib\site-packages\sqlparse\utils.py first seen with mtime 1737556747.4172807
File C:\Users\chippy mol k.b\AppData\Local\Programs\Python\Python36\Lib\unittest\runner.py first seen with mtime 1530047490.0
File C:\Users\chippy mol k.b\AppData\Local\Programs\Python\Python36\Lib\site-packages\rest_framework\utils\html.py first seen with mtime 1749718765.979725
File C:\Users\chippy mol k.b\AppData\Local\Programs\Python\Python36\Lib\site-packages\django\template\autoreload.py first seen with mtime 1737556751.1066113
File C:\Users\chippy mol k.b\AppData\Local\Programs\Python\Python36\Lib\site-packages\markdown\pep562.py first seen with mtime 1735273277.5485206
File C:\Users\chippy mol k.b\AppData\Local\Programs\Python\Python36\Lib\site-packages\django\db\models\options.py first seen with mtime 1737556751.028486
File C:\Users\chippy mol k.b\AppData\Local\Programs\Python\Python36\Lib\unittest\result.py first seen with mtime 1530047490.0
File C:\Users\chippy mol k.b\AppData\Local\Programs\Python\Python36\Lib\site-packages\chardet\mbcharsetprober.py first seen with mtime 1758101863.5240216
File C:\Users\chippy mol k.b\AppData\Local\Programs\Python\Python36\Lib\asyncio\queues.py first seen with mtime 1530047490.0
File C:\Users\chippy mol k.b\AppData\Local\Programs\Python\Python36\Lib\email\mime\message.py first seen with mtime 1530047490.0
File C:\Users\chippy mol k.b\AppData\Local\Programs\Python\Python36\Lib\site-packages\certifi\core.py first seen with mtime 1735273279.922654
File D:\PROJECT-2025-2026\viswajyothi\AI_powered_health\django_part\myapp\views.py first seen with mtime 1762752583.8542502
File C:\Users\chippy mol k.b\AppData\Local\Programs\Python\Python36\Lib\asyncio\locks.py first seen with mtime 1530047490.0
File C:\Users\chippy mol k.b\AppData\Local\Programs\Python\Python36\Lib\site-packages\django\conf\locale\__init__.py first seen with mtime 1737556748.9231746
File C:\Users\chippy mol k.b\AppData\Local\Programs\Python\Python36\Lib\stringprep.py first seen with mtime 1530047490.0
File C:\Users\chippy mol k.b\AppData\Local\Programs\Python\Python36\Lib\codecs.py first seen with mtime 1530047490.0
File C:\Users\chippy mol k.b\AppData\Local\Programs\Python\Python36\Lib\site-packages\chardet\cp949prober.py first seen with mtime 1758101863.4491434
File C:\Users\chippy mol k.b\AppData\Local\Programs\Python\Python36\Lib\site-packages\django\template\smartif.py first seen with mtime 1737556751.1066113
File C:\Users\chippy mol k.b\AppData\Local\Programs\Python\Python36\Lib\site-packages\django\template\backends\django.py first seen with mtime 1737556751.1066113
File C:\Users\chippy mol k.b\AppData\Local\Programs\Python\Python36\Lib\email\iterators.py first seen with mtime 1530047490.0
File C:\Users\chippy mol k.b\AppData\Local\Programs\Python\Python36\Lib\copy.py first seen with mtime 1530047490.0
File C:\Users\chippy mol k.b\AppData\Local\Programs\Python\Python36\Lib\site-packages\django\contrib\admin\views\__init__.py first seen with mtime 1737556749.5054946
File D:\PROJECT-2025-2026\viswajyothi\AI_powered_health\django_part\myapp\__init__.py first seen with mtime 1762745284.4995792
File C:\Users\chippy mol k.b\AppData\Local\Programs\Python\Python36\Lib\site-packages\chardet\jisfreq.py first seen with mtime 1758101863.494663
File C:\Users\chippy mol k.b\AppData\Local\Programs\Python\Python36\Lib\site-packages\django\utils\log.py first seen with mtime 1737556751.1534853
File C:\Users\chippy mol k.b\AppData\Local\Programs\Python\Python36\Lib\site-packages\django\core\checks\registry.py first seen with mtime 1737556750.934734
File C:\Users\chippy mol k.b\AppData\Local\Programs\Python\Python36\Lib\site-packages\django\contrib\staticfiles\handlers.py first seen with mtime 1737556750.9191108
File C:\Users\chippy mol k.b\AppData\Local\Programs\Python\Python36\Lib\site-packages\django\core\handlers\wsgi.py first seen with mtime 1737556750.9503608
File C:\Users\chippy mol k.b\AppData\Local\Programs\Python\Python36\Lib\functools.py first seen with mtime 1530047490.0
File C:\Users\chippy mol k.b\AppData\Local\Programs\Python\Python36\Lib\asyncio\tasks.py first seen with mtime 1530047490.0
File C:\Users\chippy mol k.b\AppData\Local\Programs\Python\Python36\Lib\linecache.py first seen with mtime 1530047490.0
File C:\Users\chippy mol k.b\AppData\Local\Programs\Python\Python36\Lib\site-packages\django\__init__.py first seen with mtime 1737556748.907552
File C:\Users\chippy mol k.b\AppData\Local\Programs\Python\Python36\Lib\site-packages\django\utils\inspect.py first seen with mtime 1737556751.1378598
File C:\Users\chippy mol k.b\AppData\Local\Programs\Python\Python36\Lib\http\cookies.py first seen with mtime 1530047490.0
File C:\Users\chippy mol k.b\AppData\Local\Programs\Python\Python36\Lib\site-packages\django\db\backends\ddl_references.py first seen with mtime 1737556750.981612
File C:\Users\chippy mol k.b\AppData\Local\Programs\Python\Python36\Lib\site-packages\urllib3\connection.py first seen with mtime 1735273279.5932088
File C:\Users\chippy mol k.b\AppData\Local\Programs\Python\Python36\Lib\sre_parse.py first seen with mtime 1530047490.0
File C:\Users\chippy mol k.b\AppData\Local\Programs\Python\Python36\Lib\site-packages\django\db\models\expressions.py first seen with mtime 1737556751.028486
File C:\Users\chippy mol k.b\AppData\Local\Programs\Python\Python36\Lib\warnings.py first seen with mtime 1530047490.0
File C:\Users\chippy mol k.b\AppData\Local\Programs\Python\Python36\Lib\dis.py first seen with mtime 1530047490.0
File C:\Users\chippy mol k.b\AppData\Local\Programs\Python\Python36\Lib\asyncio\windows_utils.py first seen with mtime 1530047490.0
File C:\Users\chippy mol k.b\AppData\Local\Programs\Python\Python36\Lib\site-packages\django\http\response.py first seen with mtime 1737556751.0909855
File C:\Users\chippy mol k.b\AppData\Local\Programs\Python\Python36\Lib\gzip.py first seen with mtime 1530047490.0
File C:\Users\chippy mol k.b\AppData\Local\Programs\Python\Python36\Lib\asyncio\constants.py first seen with mtime 1530047490.0
File C:\Users\chippy mol k.b\AppData\Local\Programs\Python\Python36\Lib\site-packages\django\contrib\sessions\middleware.py first seen with mtime 1737556750.6501696
File C:\Users\chippy mol k.b\AppData\Local\Programs\Python\Python36\Lib\multiprocessing\connection.py first seen with mtime 1530047490.0
File C:\Users\chippy mol k.b\AppData\Local\Programs\Python\Python36\Lib\site-packages\django\contrib\__init__.py first seen with mtime 1737556749.130495
File C:\Users\chippy mol k.b\AppData\Local\Programs\Python\Python36\Lib\site-packages\django\contrib\sessions\models.py first seen with mtime 1737556750.6501696
File C:\Users\chippy mol k.b\AppData\Local\Programs\Python\Python36\Lib\site-packages\django\db\migrations\__init__.py first seen with mtime 1737556751.0128622
File C:\Users\chippy mol k.b\AppData\Local\Programs\Python\Python36\Lib\email\headerregistry.py first seen with mtime 1530047490.0
File C:\Users\chippy mol k.b\AppData\Local\Programs\Python\Python36\Lib\site-packages\django\utils\text.py first seen with mtime 1737556751.1534853
File C:\Users\chippy mol k.b\AppData\Local\Programs\Python\Python36\Lib\site-packages\pytz\__init__.py first seen with mtime 1737556748.3250825
File C:\Users\chippy mol k.b\AppData\Local\Programs\Python\Python36\Lib\importlib\abc.py first seen with mtime 1530047490.0
File C:\Users\chippy mol k.b\AppData\Local\Programs\Python\Python36\Lib\site-packages\pytz\tzinfo.py first seen with mtime 1737556748.3250825
File C:\Users\chippy mol k.b\AppData\Local\Programs\Python\Python36\Lib\site-packages\django\core\files\locks.py first seen with mtime 1737556750.9503608
File C:\Users\chippy mol k.b\AppData\Local\Programs\Python\Python36\Lib\datetime.py first seen with mtime 1530047490.0
File C:\Users\chippy mol k.b\AppData\Local\Programs\Python\Python36\DLLs\select.pyd first seen with mtime 1530050880.0
File C:\Users\chippy mol k.b\AppData\Local\Programs\Python\Python36\Lib\shutil.py first seen with mtime 1530047490.0
File C:\Users\chippy mol k.b\AppData\Local\Programs\Python\Python36\Lib\site-packages\django\templatetags\static.py first seen with mtime 1737556751.1222348
File C:\Users\chippy mol k.b\AppData\Local\Programs\Python\Python36\Lib\decimal.py first seen with mtime 1530047490.0
File C:\Users\chippy mol k.b\AppData\Local\Programs\Python\Python36\Lib\site-packages\urllib3\util\response.py first seen with mtime 1735273279.608855
File C:\Users\chippy mol k.b\AppData\Local\Programs\Python\Python36\Lib\struct.py first seen with mtime 1530047490.0
File C:\Users\chippy mol k.b\AppData\Local\Programs\Python\Python36\Lib\email\encoders.py first seen with mtime 1530047490.0
File C:\Users\chippy mol k.b\AppData\Local\Programs\Python\Python36\Lib\urllib\__init__.py first seen with mtime 1530047490.0
File C:\Users\chippy mol k.b\AppData\Local\Programs\Python\Python36\Lib\site-packages\yaml\dumper.py first seen with mtime 1736840099.0263774
File C:\Users\chippy mol k.b\AppData\Local\Programs\Python\Python36\Lib\asyncio\sslproto.py first seen with mtime 1530047490.0
File C:\Users\chippy mol k.b\AppData\Local\Programs\Python\Python36\Lib\site-packages\django\db\backends\mysql\features.py first seen with mtime 1737556750.9972384
File C:\Users\chippy mol k.b\AppData\Local\Programs\Python\Python36\Lib\site-packages\urllib3\util\proxy.py first seen with mtime 1735273279.608855
File C:\Users\chippy mol k.b\AppData\Local\Programs\Python\Python36\Lib\fnmatch.py first seen with mtime 1530047490.0
File C:\Users\chippy mol k.b\AppData\Local\Programs\Python\Python36\Lib\site-packages\rest_framework\settings.py first seen with mtime 1749718764.95586
File C:\Users\chippy mol k.b\AppData\Local\Programs\Python\Python36\Lib\lzma.py first seen with mtime 1530047490.0
File C:\Users\chippy mol k.b\AppData\Local\Programs\Python\Python36\Lib\site-packages\django\urls\converters.py first seen with mtime 1737556751.1222348
File C:\Users\chippy mol k.b\AppData\Local\Programs\Python\Python36\Lib\concurrent\__init__.py first seen with mtime 1530047490.0
File C:\Users\chippy mol k.b\AppData\Local\Programs\Python\Python36\Lib\site-packages\django\contrib\messages\storage\__init__.py first seen with mtime 1737556750.406375
File C:\Users\chippy mol k.b\AppData\Local\Programs\Python\Python36\Lib\site-packages\django\utils\translation\reloader.py first seen with mtime 1737556751.1534853
File C:\Users\chippy mol k.b\AppData\Local\Programs\Python\Python36\Lib\site-packages\django\apps\registry.py first seen with mtime 1737556748.907552
File C:\Users\chippy mol k.b\AppData\Local\Programs\Python\Python36\Lib\site-packages\django\db\models\fields\files.py first seen with mtime 1737556751.0441122
File C:\Users\chippy mol k.b\AppData\Local\Programs\Python\Python36\Lib\site-packages\django\contrib\staticfiles\apps.py first seen with mtime 1737556750.9191108
File C:\Users\chippy mol k.b\AppData\Local\Programs\Python\Python36\Lib\site-packages\certifi\__init__.py first seen with mtime 1735273279.922654
File C:\Users\chippy mol k.b\AppData\Local\Programs\Python\Python36\Lib\encodings\latin_1.py first seen with mtime 1530047490.0
File C:\Users\chippy mol k.b\AppData\Local\Programs\Python\Python36\Lib\site-packages\django\http\multipartparser.py first seen with mtime 1737556751.0909855
File C:\Users\chippy mol k.b\AppData\Local\Programs\Python\Python36\Lib\site-packages\sqlparse\formatter.py first seen with mtime 1737556747.4172807
File C:\Users\chippy mol k.b\AppData\Local\Programs\Python\Python36\Lib\urllib\parse.py first seen with mtime 1530047490.0
File C:\Users\chippy mol k.b\AppData\Local\Programs\Python\Python36\Lib\keyword.py first seen with mtime 1530047490.0
File C:\Users\chippy mol k.b\AppData\Local\Programs\Python\Python36\Lib\site-packages\yaml\__init__.py first seen with mtime 1736840099.0094464
File C:\Users\chippy mol k.b\AppData\Local\Programs\Python\Python36\Lib\site-packages\importlib_metadata\_functools.py first seen with mtime 1733541481.7029424
File C:\Users\chippy mol k.b\AppData\Local\Programs\Python\Python36\Lib\site-packages\asgiref\__init__.py first seen with mtime 1737556748.735674
File C:\Users\chippy mol k.b\AppData\Local\Programs\Python\Python36\Lib\site-packages\urllib3\exceptions.py first seen with mtime 1735273279.5932088
File C:\Users\chippy mol k.b\AppData\Local\Programs\Python\Python36\Lib\site-packages\django\utils\connection.py first seen with mtime 1737556751.1378598
File C:\Users\chippy mol k.b\AppData\Local\Programs\Python\Python36\Lib\asyncio\protocols.py first seen with mtime 1530047490.0
File C:\Users\chippy mol k.b\AppData\Local\Programs\Python\Python36\Lib\multiprocessing\context.py first seen with mtime 1530047490.0
File C:\Users\chippy mol k.b\AppData\Local\Programs\Python\Python36\Lib\site-packages\sqlparse\cli.py first seen with mtime 1737556747.4172807
File C:\Users\chippy mol k.b\AppData\Local\Programs\Python\Python36\Lib\site-packages\django\db\backends\base\validation.py first seen with mtime 1737556750.981612
File C:\Users\chippy mol k.b\AppData\Local\Programs\Python\Python36\Lib\xml\etree\ElementTree.py first seen with mtime 1530047490.0
File C:\Users\chippy mol k.b\AppData\Local\Programs\Python\Python36\Lib\site-packages\sqlparse\keywords.py first seen with mtime 1737556747.4172807
File C:\Users\chippy mol k.b\AppData\Local\Programs\Python\Python36\Lib\site-packages\django\contrib\admin\exceptions.py first seen with mtime 1737556749.1461217
File C:\Users\chippy mol k.b\AppData\Local\Programs\Python\Python36\Lib\site-packages\chardet\escprober.py first seen with mtime 1758101863.4491434
File C:\Users\chippy mol k.b\AppData\Local\Programs\Python\Python36\Lib\email\generator.py first seen with mtime 1530047490.0
File C:\Users\chippy mol k.b\AppData\Local\Programs\Python\Python36\Lib\site-packages\django\contrib\admin\views\main.py first seen with mtime 1737556749.5054946
File C:\Users\chippy mol k.b\AppData\Local\Programs\Python\Python36\Lib\site-packages\django\core\serializers\json.py first seen with mtime 1737556750.9659855
File C:\Users\chippy mol k.b\AppData\Local\Programs\Python\Python36\Lib\site-packages\asgiref\current_thread_executor.py first seen with mtime 1737556748.735674
File C:\Users\chippy mol k.b\AppData\Local\Programs\Python\Python36\Lib\site-packages\pytz\tzfile.py first seen with mtime 1737556748.3250825
File C:\Users\chippy mol k.b\AppData\Local\Programs\Python\Python36\Lib\site-packages\django\core\servers\basehttp.py first seen with mtime 1737556750.981612
File C:\Users\chippy mol k.b\AppData\Local\Programs\Python\Python36\Lib\site-packages\django\views\generic\base.py first seen with mtime 1737556751.1697333
File C:\Users\chippy mol k.b\AppData\Local\Programs\Python\Python36\Lib\site-packages\sqlparse\filters\others.py first seen with mtime 1737556747.4172807
File C:\Users\chippy mol k.b\AppData\Local\Programs\Python\Python36\Lib\site-packages\rest_framework\utils\representation.py first seen with mtime 1749718765.995733
File C:\Users\chippy mol k.b\AppData\Local\Programs\Python\Python36\Lib\site-packages\yaml\_yaml.cp36-win_amd64.pyd first seen with mtime 1736840099.0094464
File C:\Users\chippy mol k.b\AppData\Local\Programs\Python\Python36\Lib\site-packages\rest_framework\serializers.py first seen with mtime 1749718764.950877
File C:\Users\chippy mol k.b\AppData\Local\Programs\Python\Python36\Lib\sre_constants.py first seen with mtime 1530047490.0
File C:\Users\chippy mol k.b\AppData\Local\Programs\Python\Python36\Lib\email\message.py first seen with mtime 1530047490.0
File C:\Users\chippy mol k.b\AppData\Local\Programs\Python\Python36\Lib\site-packages\yaml\resolver.py first seen with mtime 1736840099.0311084
File C:\Users\chippy mol k.b\AppData\Local\Programs\Python\Python36\Lib\site-packages\chardet\mbcssm.py first seen with mtime 1758101863.532395
File C:\Users\chippy mol k.b\AppData\Local\Programs\Python\Python36\Lib\site-packages\django\db\migrations\operations\__init__.py first seen with mtime 1737556751.0128622
File C:\Users\chippy mol k.b\AppData\Local\Programs\Python\Python36\Lib\site-packages\django\shortcuts.py first seen with mtime 1737556748.907552
File D:\PROJECT-2025-2026\viswajyothi\AI_powered_health\django_part\myapp\models.py first seen with mtime 1762752158.024904
File C:\Users\chippy mol k.b\AppData\Local\Programs\Python\Python36\Lib\unittest\loader.py first seen with mtime 1530047490.0
File C:\Users\chippy mol k.b\AppData\Local\Programs\Python\Python36\Lib\importlib\__init__.py first seen with mtime 1530047490.0
File C:\Users\chippy mol k.b\AppData\Local\Programs\Python\Python36\Lib\email\__init__.py first seen with mtime 1530047490.0
File C:\Users\chippy mol k.b\AppData\Local\Programs\Python\Python36\Lib\site-packages\rest_framework\checks.py first seen with mtime 1749718764.887961
File C:\Users\chippy mol k.b\AppData\Local\Programs\Python\Python36\Lib\site-packages\sqlparse\__init__.py first seen with mtime 1737556747.4172807
File C:\Users\chippy mol k.b\AppData\Local\Programs\Python\Python36\Lib\site-packages\django\template\loaders\filesystem.py first seen with mtime 1737556751.1222348
File C:\Users\chippy mol k.b\AppData\Local\Programs\Python\Python36\Lib\socket.py first seen with mtime 1530047490.0
File C:\Users\chippy mol k.b\AppData\Local\Programs\Python\Python36\Lib\site-packages\django\core\files\uploadhandler.py first seen with mtime 1737556750.9503608
File C:\Users\chippy mol k.b\AppData\Local\Programs\Python\Python36\Lib\site-packages\django\utils\dateformat.py first seen with mtime 1737556751.1378598
File C:\Users\chippy mol k.b\AppData\Local\Programs\Python\Python36\Lib\site-packages\django\db\models\functions\window.py first seen with mtime 1737556751.0441122
File C:\Users\chippy mol k.b\AppData\Local\Programs\Python\Python36\Lib\site-packages\importlib_metadata\_compat.py first seen with mtime 1733541481.7029424
File C:\Users\chippy mol k.b\AppData\Local\Programs\Python\Python36\Lib\site-packages\django\template\engine.py first seen with mtime 1737556751.1066113
File C:\Users\chippy mol k.b\AppData\Local\Programs\Python\Python36\Lib\site-packages\django\contrib\sessions\base_session.py first seen with mtime 1737556750.6491704
File C:\Users\chippy mol k.b\AppData\Local\Programs\Python\Python36\Lib\http\__init__.py first seen with mtime 1530047490.0
File C:\Users\chippy mol k.b\AppData\Local\Programs\Python\Python36\Lib\site-packages\django\contrib\messages\apps.py first seen with mtime 1737556750.406375
File C:\Users\chippy mol k.b\AppData\Local\Programs\Python\Python36\Lib\xml\etree\__init__.py first seen with mtime 1530047490.0
File C:\Users\chippy mol k.b\AppData\Local\Programs\Python\Python36\Lib\site-packages\django\utils\deconstruct.py first seen with mtime 1737556751.1378598
File C:\Users\chippy mol k.b\AppData\Local\Programs\Python\Python36\Lib\contextlib.py first seen with mtime 1530047490.0
File C:\Users\chippy mol k.b\AppData\Local\Programs\Python\Python36\Lib\site-packages\chardet\codingstatemachine.py first seen with mtime 1758101863.4335127
File C:\Users\chippy mol k.b\AppData\Local\Programs\Python\Python36\Lib\site-packages\django\views\generic\__init__.py first seen with mtime 1737556751.1697333
File C:\Users\chippy mol k.b\AppData\Local\Programs\Python\Python36\Lib\site-packages\django\contrib\auth\models.py first seen with mtime 1737556749.6279593
File C:\Users\chippy mol k.b\AppData\Local\Programs\Python\Python36\Lib\site-packages\django\templatetags\l10n.py first seen with mtime 1737556751.1222348
File C:\Users\chippy mol k.b\AppData\Local\Programs\Python\Python36\Lib\site-packages\django\utils\_os.py first seen with mtime 1737556751.1378598
File C:\Users\chippy mol k.b\AppData\Local\Programs\Python\Python36\Lib\site-packages\django\utils\ipv6.py first seen with mtime 1737556751.1378598
File C:\Users\chippy mol k.b\AppData\Local\Programs\Python\Python36\Lib\asyncio\transports.py first seen with mtime 1530047490.0
File C:\Users\chippy mol k.b\AppData\Local\Programs\Python\Python36\Lib\uu.py first seen with mtime 1530047490.0
File C:\Users\chippy mol k.b\AppData\Local\Programs\Python\Python36\Lib\_markupbase.py first seen with mtime 1530047490.0
File C:\Users\chippy mol k.b\AppData\Local\Programs\Python\Python36\Lib\abc.py first seen with mtime 1530047490.0
File C:\Users\chippy mol k.b\AppData\Local\Programs\Python\Python36\Lib\site-packages\django\db\models\sql\subqueries.py first seen with mtime 1737556751.0597384
File C:\Users\chippy mol k.b\AppData\Local\Programs\Python\Python36\Lib\site-packages\django\contrib\admin\apps.py first seen with mtime 1737556749.1461217
File C:\Users\chippy mol k.b\AppData\Local\Programs\Python\Python36\Lib\site-packages\django\views\generic\detail.py first seen with mtime 1737556751.1697333
File C:\Users\chippy mol k.b\AppData\Local\Programs\Python\Python36\Lib\site-packages\MySQLdb\constants\__init__.py first seen with mtime 1738237034.4607909
File C:\Users\chippy mol k.b\AppData\Local\Programs\Python\Python36\Lib\site-packages\django\db\models\__init__.py first seen with mtime 1737556751.028486
File C:\Users\chippy mol k.b\AppData\Local\Programs\Python\Python36\Lib\site-packages\yaml\nodes.py first seen with mtime 1736840099.029405
File C:\Users\chippy mol k.b\AppData\Local\Programs\Python\Python36\Lib\site-packages\markdown\__meta__.py first seen with mtime 1735273277.5485206
File C:\Users\chippy mol k.b\AppData\Local\Programs\Python\Python36\Lib\site-packages\colorama\winterm.py first seen with mtime 1733541481.587744
File C:\Users\chippy mol k.b\AppData\Local\Programs\Python\Python36\DLLs\_decimal.pyd first seen with mtime 1530050870.0
File C:\Users\chippy mol k.b\AppData\Local\Programs\Python\Python36\Lib\site-packages\rest_framework\utils\field_mapping.py first seen with mtime 1749718765.9727242
File C:\Users\chippy mol k.b\AppData\Local\Programs\Python\Python36\Lib\site-packages\yaml\emitter.py first seen with mtime 1736840099.0274076
File D:\PROJECT-2025-2026\viswajyothi\AI_powered_health\django_part\myapp\urls.py first seen with mtime 1762746158.8974073
File C:\Users\chippy mol k.b\AppData\Local\Programs\Python\Python36\Lib\site-packages\yaml\cyaml.py first seen with mtime 1736840099.0261662
File C:\Users\chippy mol k.b\AppData\Local\Programs\Python\Python36\Lib\site-packages\django\db\backends\__init__.py first seen with mtime 1737556750.981612
File C:\Users\chippy mol k.b\AppData\Local\Programs\Python\Python36\Lib\site-packages\django\db\backends\mysql\validation.py first seen with mtime 1737556750.9972384
File C:\Users\chippy mol k.b\AppData\Local\Programs\Python\Python36\Lib\site-packages\django\utils\baseconv.py first seen with mtime 1737556751.1378598
File C:\Users\chippy mol k.b\AppData\Local\Programs\Python\Python36\Lib\site-packages\django\contrib\sessions\apps.py first seen with mtime 1737556750.6481702
File C:\Users\chippy mol k.b\AppData\Local\Programs\Python\Python36\Lib\site-packages\requests\packages.py first seen with mtime 1735273277.3916874
File C:\Users\chippy mol k.b\AppData\Local\Programs\Python\Python36\Lib\html\entities.py first seen with mtime 1530047490.0
File C:\Users\chippy mol k.b\AppData\Local\Programs\Python\Python36\Lib\site-packages\sqlparse\lexer.py first seen with mtime 1737556747.4172807
File C:\Users\chippy mol k.b\AppData\Local\Programs\Python\Python36\Lib\site-packages\charset_normalizer\version.py first seen with mtime 1735273280.2676399
File C:\Users\chippy mol k.b\AppData\Local\Programs\Python\Python36\Lib\site-packages\chardet\langturkishmodel.py first seen with mtime 1758101863.5127904
File C:\Users\chippy mol k.b\AppData\Local\Programs\Python\Python36\Lib\asyncio\subprocess.py first seen with mtime 1530047490.0
File C:\Users\chippy mol k.b\AppData\Local\Programs\Python\Python36\Lib\site-packages\django\conf\urls\__init__.py first seen with mtime 1737556749.130495
File C:\Users\chippy mol k.b\AppData\Local\Programs\Python\Python36\Lib\site-packages\django\db\models\fields\__init__.py first seen with mtime 1737556751.0441122
File C:\Users\chippy mol k.b\AppData\Local\Programs\Python\Python36\Lib\site-packages\django\db\migrations\operations\utils.py first seen with mtime 1737556751.028486
File C:\Users\chippy mol k.b\AppData\Local\Programs\Python\Python36\Lib\__future__.py first seen with mtime 1530047490.0
File C:\Users\chippy mol k.b\AppData\Local\Programs\Python\Python36\Lib\email\charset.py first seen with mtime 1530047490.0
File C:\Users\chippy mol k.b\AppData\Local\Programs\Python\Python36\Lib\site-packages\charset_normalizer\legacy.py first seen with mtime 1735273280.2676399
File C:\Users\chippy mol k.b\AppData\Local\Programs\Python\Python36\Lib\queue.py first seen with mtime 1530047490.0
File C:\Users\chippy mol k.b\AppData\Local\Programs\Python\Python36\Lib\site-packages\requests\status_codes.py first seen with mtime 1735273277.3916874
File C:\Users\chippy mol k.b\AppData\Local\Programs\Python\Python36\Lib\site-packages\django\contrib\admin\templatetags\base.py first seen with mtime 1737556749.5054946
File C:\Users\chippy mol k.b\AppData\Local\Programs\Python\Python36\Lib\site-packages\django\contrib\contenttypes\fields.py first seen with mtime 1737556749.7685857
File C:\Users\chippy mol k.b\AppData\Local\Programs\Python\Python36\Lib\site-packages\django\core\mail\__init__.py first seen with mtime 1737556750.9503608
File C:\Users\chippy mol k.b\AppData\Local\Programs\Python\Python36\Lib\site-packages\django\core\serializers\base.py first seen with mtime 1737556750.9659855
File C:\Users\chippy mol k.b\AppData\Local\Programs\Python\Python36\Lib\site-packages\yaml\loader.py first seen with mtime 1736840099.0284047
File C:\Users\chippy mol k.b\AppData\Local\Programs\Python\Python36\Lib\site-packages\rest_framework\utils\encoders.py first seen with mtime 1749718765.966727
File C:\Users\chippy mol k.b\AppData\Local\Programs\Python\Python36\Lib\site-packages\django\db\backends\base\creation.py first seen with mtime 1737556750.981612
File C:\Users\chippy mol k.b\AppData\Local\Programs\Python\Python36\Lib\site-packages\sqlparse\exceptions.py first seen with mtime 1737556747.4172807
File C:\Users\chippy mol k.b\AppData\Local\Programs\Python\Python36\Lib\site-packages\django\core\cache\backends\__init__.py first seen with mtime 1737556750.934734
File C:\Users\chippy mol k.b\AppData\Local\Programs\Python\Python36\Lib\hmac.py first seen with mtime 1530047490.0
File C:\Users\chippy mol k.b\AppData\Local\Programs\Python\Python36\Lib\site-packages\urllib3\filepost.py first seen with mtime 1735273279.5932088
File C:\Users\chippy mol k.b\AppData\Local\Programs\Python\Python36\Lib\traceback.py first seen with mtime 1530047490.0
File C:\Users\chippy mol k.b\AppData\Local\Programs\Python\Python36\DLLs\_asyncio.pyd first seen with mtime 1530050870.0
File C:\Users\chippy mol k.b\AppData\Local\Programs\Python\Python36\Lib\site-packages\django\contrib\messages\constants.py first seen with mtime 1737556750.406375
File C:\Users\chippy mol k.b\AppData\Local\Programs\Python\Python36\Lib\site-packages\chardet\utf8prober.py first seen with mtime 1758101863.544343
File C:\Users\chippy mol k.b\AppData\Local\Programs\Python\Python36\Lib\site-packages\django\db\backends\mysql\__init__.py first seen with mtime 1737556750.981612
File C:\Users\chippy mol k.b\AppData\Local\Programs\Python\Python36\Lib\site-packages\django\views\defaults.py first seen with mtime 1737556751.1534853
File C:\Users\chippy mol k.b\AppData\Local\Programs\Python\Python36\Lib\site-packages\urllib3\util\url.py first seen with mtime 1735273279.608855
File C:\Users\chippy mol k.b\AppData\Local\Programs\Python\Python36\Lib\site-packages\django\contrib\sessions\backends\__init__.py first seen with mtime 1737556750.6511693
File C:\Users\chippy mol k.b\AppData\Local\Programs\Python\Python36\Lib\site-packages\django\contrib\auth\base_user.py first seen with mtime 1737556749.6279593
File C:\Users\chippy mol k.b\AppData\Local\Programs\Python\Python36\Lib\mimetypes.py first seen with mtime 1530047490.0
File C:\Users\chippy mol k.b\AppData\Local\Programs\Python\Python36\Lib\site-packages\django\templatetags\__init__.py first seen with mtime 1737556751.1222348
File C:\Users\chippy mol k.b\AppData\Local\Programs\Python\Python36\Lib\site-packages\django\contrib\sites\__init__.py first seen with mtime 1737556750.7784843
File C:\Users\chippy mol k.b\AppData\Local\Programs\Python\Python36\Lib\site-packages\django\views\decorators\cache.py first seen with mtime 1737556751.1697333
File C:\Users\chippy mol k.b\AppData\Local\Programs\Python\Python36\Lib\html\parser.py first seen with mtime 1530047490.0
File C:\Users\chippy mol k.b\AppData\Local\Programs\Python\Python36\Lib\_compression.py first seen with mtime 1530047490.0
File C:\Users\chippy mol k.b\AppData\Local\Programs\Python\Python36\Lib\site-packages\django\db\backends\base\schema.py first seen with mtime 1737556750.981612
File C:\Users\chippy mol k.b\AppData\Local\Programs\Python\Python36\Lib\site-packages\yaml\tokens.py first seen with mtime 1736840099.0311084
File C:\Users\chippy mol k.b\AppData\Local\Programs\Python\Python36\Lib\site-packages\django\utils\crypto.py first seen with mtime 1737556751.1378598
File C:\Users\chippy mol k.b\AppData\Local\Programs\Python\Python36\Lib\site-packages\idna\core.py first seen with mtime 1758101860.7154152
File C:\Users\chippy mol k.b\AppData\Local\Programs\Python\Python36\Lib\site-packages\django\utils\html.py first seen with mtime 1737556751.1378598
File C:\Users\chippy mol k.b\AppData\Local\Programs\Python\Python36\Lib\site-packages\django\contrib\auth\validators.py first seen with mtime 1737556749.6279593
File C:\Users\chippy mol k.b\AppData\Local\Programs\Python\Python36\Lib\site-packages\django\db\backends\mysql\introspection.py first seen with mtime 1737556750.9972384
File C:\Users\chippy mol k.b\AppData\Local\Programs\Python\Python36\Lib\site-packages\django\contrib\sites\shortcuts.py first seen with mtime 1737556750.7784843
File C:\Users\chippy mol k.b\AppData\Local\Programs\Python\Python36\Lib\wsgiref\simple_server.py first seen with mtime 1530047490.0
File C:\Users\chippy mol k.b\AppData\Local\Programs\Python\Python36\Lib\site-packages\django\contrib\auth\hashers.py first seen with mtime 1737556749.6279593
File C:\Users\chippy mol k.b\AppData\Local\Programs\Python\Python36\DLLs\_ctypes.pyd first seen with mtime 1530050872.0
File C:\Users\chippy mol k.b\AppData\Local\Programs\Python\Python36\Lib\reprlib.py first seen with mtime 1530047490.0
File C:\Users\chippy mol k.b\AppData\Local\Programs\Python\Python36\Lib\site-packages\rest_framework\utils\json.py first seen with mtime 1749718765.9827216
File C:\Users\chippy mol k.b\AppData\Local\Programs\Python\Python36\Lib\site-packages\django\contrib\admin\filters.py first seen with mtime 1737556749.1461217
File C:\Users\chippy mol k.b\AppData\Local\Programs\Python\Python36\Lib\concurrent\futures\_base.py first seen with mtime 1530047490.0
File C:\Users\chippy mol k.b\AppData\Local\Programs\Python\Python36\Lib\io.py first seen with mtime 1530047490.0
File C:\Users\chippy mol k.b\AppData\Local\Programs\Python\Python36\Lib\site-packages\django\core\paginator.py first seen with mtime 1737556750.9191108
File C:\Users\chippy mol k.b\AppData\Local\Programs\Python\Python36\Lib\copyreg.py first seen with mtime 1530047490.0
File C:\Users\chippy mol k.b\AppData\Local\Programs\Python\Python36\Lib\_weakrefset.py first seen with mtime 1530047490.0
File C:\Users\chippy mol k.b\AppData\Local\Programs\Python\Python36\Lib\site-packages\django\utils\module_loading.py first seen with mtime 1737556751.1534853
File C:\Users\chippy mol k.b\AppData\Local\Programs\Python\Python36\Lib\site-packages\chardet\charsetprober.py first seen with mtime 1758101863.4335127
File C:\Users\chippy mol k.b\AppData\Local\Programs\Python\Python36\Lib\site-packages\importlib_metadata\_collections.py first seen with mtime 1733541481.7029424
File C:\Users\chippy mol k.b\AppData\Local\Programs\Python\Python36\Lib\site-packages\markdown\core.py first seen with mtime 1735273277.5485206
File C:\Users\chippy mol k.b\AppData\Local\Programs\Python\Python36\Lib\site-packages\typing_extensions.py first seen with mtime 1733541481.7920423
File C:\Users\chippy mol k.b\AppData\Local\Programs\Python\Python36\Lib\site-packages\colorama\ansi.py first seen with mtime 1733541481.587744
File C:\Users\chippy mol k.b\AppData\Local\Programs\Python\Python36\Lib\calendar.py first seen with mtime 1530047490.0
File C:\Users\chippy mol k.b\AppData\Local\Programs\Python\Python36\Lib\site-packages\django\db\models\fields\related.py first seen with mtime 1737556751.0441122
File C:\Users\chippy mol k.b\AppData\Local\Programs\Python\Python36\DLLs\_hashlib.pyd first seen with mtime 1530051006.0
File C:\Users\chippy mol k.b\AppData\Local\Programs\Python\Python36\Lib\asyncio\selector_events.py first seen with mtime 1530047490.0
File C:\Users\chippy mol k.b\AppData\Local\Programs\Python\Python36\Lib\site-packages\django\apps\__init__.py first seen with mtime 1737556748.907552
File C:\Users\chippy mol k.b\AppData\Local\Programs\Python\Python36\Lib\site-packages\django\db\transaction.py first seen with mtime 1737556750.981612
File C:\Users\chippy mol k.b\AppData\Local\Programs\Python\Python36\Lib\site-packages\django\middleware\cache.py first seen with mtime 1737556751.0909855
File C:\Users\chippy mol k.b\AppData\Local\Programs\Python\Python36\Lib\site-packages\chardet\universaldetector.py first seen with mtime 1758101863.544343
File C:\Users\chippy mol k.b\AppData\Local\Programs\Python\Python36\Lib\email\_encoded_words.py first seen with mtime 1530047490.0
File C:\Users\chippy mol k.b\AppData\Local\Programs\Python\Python36\Lib\site-packages\django\db\migrations\operations\base.py first seen with mtime 1737556751.0128622
File C:\Users\chippy mol k.b\AppData\Local\Programs\Python\Python36\Lib\email\_parseaddr.py first seen with mtime 1530047490.0
File C:\Users\chippy mol k.b\AppData\Local\Programs\Python\Python36\Lib\email\header.py first seen with mtime 1530047490.0
File C:\Users\chippy mol k.b\AppData\Local\Programs\Python\Python36\Lib\site-packages\importlib_metadata\_meta.py first seen with mtime 1733541481.7029424
File C:\Users\chippy mol k.b\AppData\Local\Programs\Python\Python36\Lib\site-packages\django\core\handlers\exception.py first seen with mtime 1737556750.9503608
File C:\Users\chippy mol k.b\AppData\Local\Programs\Python\Python36\Lib\site-packages\django\contrib\contenttypes\views.py first seen with mtime 1737556749.7685857
File C:\Users\chippy mol k.b\AppData\Local\Programs\Python\Python36\Lib\site-packages\django\urls\conf.py first seen with mtime 1737556751.1222348
File C:\Users\chippy mol k.b\AppData\Local\Programs\Python\Python36\Lib\site-packages\sqlparse\tokens.py first seen with mtime 1737556747.4172807
File C:\Users\chippy mol k.b\AppData\Local\Programs\Python\Python36\Lib\site-packages\urllib3\util\retry.py first seen with mtime 1735273279.608855
File C:\Users\chippy mol k.b\AppData\Local\Programs\Python\Python36\Lib\site-packages\django\contrib\auth\forms.py first seen with mtime 1737556749.6279593
File C:\Users\chippy mol k.b\AppData\Local\Programs\Python\Python36\Lib\signal.py first seen with mtime 1530047490.0
File C:\Users\chippy mol k.b\AppData\Local\Programs\Python\Python36\Lib\site-packages\chardet\big5freq.py first seen with mtime 1758101863.4237459
File C:\Users\chippy mol k.b\AppData\Local\Programs\Python\Python36\Lib\site-packages\django\contrib\admin\models.py first seen with mtime 1737556749.1461217
File C:\Users\chippy mol k.b\AppData\Local\Programs\Python\Python36\Lib\site-packages\django\db\utils.py first seen with mtime 1737556750.981612
File C:\Users\chippy mol k.b\AppData\Local\Programs\Python\Python36\Lib\site-packages\chardet\euckrprober.py first seen with mtime 1758101863.4649067
File C:\Users\chippy mol k.b\AppData\Local\Programs\Python\Python36\Lib\site-packages\chardet\langcyrillicmodel.py first seen with mtime 1758101863.5026844
File C:\Users\chippy mol k.b\AppData\Local\Programs\Python\Python36\Lib\site-packages\django\db\models\fields\reverse_related.py first seen with mtime 1737556751.0441122
File C:\Users\chippy mol k.b\AppData\Local\Programs\Python\Python36\Lib\site-packages\markdown\postprocessors.py first seen with mtime 1735273277.5485206
File C:\Users\chippy mol k.b\AppData\Local\Programs\Python\Python36\Lib\typing.py first seen with mtime 1530047490.0
File C:\Users\chippy mol k.b\AppData\Local\Programs\Python\Python36\Lib\site-packages\django\forms\utils.py first seen with mtime 1737556751.0597384
File C:\Users\chippy mol k.b\AppData\Local\Programs\Python\Python36\Lib\asyncio\futures.py first seen with mtime 1530047490.0
File C:\Users\chippy mol k.b\AppData\Local\Programs\Python\Python36\Lib\site-packages\rest_framework\status.py first seen with mtime 1749718764.957878
File C:\Users\chippy mol k.b\AppData\Local\Programs\Python\Python36\Lib\site-packages\chardet\sjisprober.py first seen with mtime 1758101863.532395
File C:\Users\chippy mol k.b\AppData\Local\Programs\Python\Python36\Lib\site-packages\markdown\htmlparser.py first seen with mtime 1735273277.5485206
File C:\Users\chippy mol k.b\AppData\Local\Programs\Python\Python36\Lib\site-packages\sqlparse\filters\output.py first seen with mtime 1737556747.4172807
File C:\Users\chippy mol k.b\AppData\Local\Programs\Python\Python36\Lib\site-packages\chardet\charsetgroupprober.py first seen with mtime 1758101863.4335127
File C:\Users\chippy mol k.b\AppData\Local\Programs\Python\Python36\Lib\site-packages\django\views\decorators\csrf.py first seen with mtime 1737556751.1697333
File C:\Users\chippy mol k.b\AppData\Local\Programs\Python\Python36\Lib\base64.py first seen with mtime 1530047490.0
File C:\Users\chippy mol k.b\AppData\Local\Programs\Python\Python36\Lib\site-packages\markdown\blockparser.py first seen with mtime 1735273277.5485206
File C:\Users\chippy mol k.b\AppData\Local\Programs\Python\Python36\Lib\site-packages\django\contrib\auth\management\__init__.py first seen with mtime 1737556749.75296
File C:\Users\chippy mol k.b\AppData\Local\Programs\Python\Python36\Lib\sre_compile.py first seen with mtime 1530047490.0
File C:\Users\chippy mol k.b\AppData\Local\Programs\Python\Python36\Lib\site-packages\django\templatetags\tz.py first seen with mtime 1737556751.1222348
File C:\Users\chippy mol k.b\AppData\Local\Programs\Python\Python36\Lib\bisect.py first seen with mtime 1530047490.0
File C:\Users\chippy mol k.b\AppData\Local\Programs\Python\Python36\Lib\site-packages\django\utils\numberformat.py first seen with mtime 1737556751.1534853
File C:\Users\chippy mol k.b\AppData\Local\Programs\Python\Python36\Lib\site-packages\django\utils\autoreload.py first seen with mtime 1737556751.1378598
File C:\Users\chippy mol k.b\AppData\Local\Programs\Python\Python36\Lib\concurrent\futures\thread.py first seen with mtime 1530047490.0
File C:\Users\chippy mol k.b\AppData\Local\Programs\Python\Python36\Lib\site-packages\urllib3\util\ssl_match_hostname.py first seen with mtime 1735273279.608855
File C:\Users\chippy mol k.b\AppData\Local\Programs\Python\Python36\Lib\site-packages\django\db\models\query_utils.py first seen with mtime 1737556751.028486
File C:\Users\chippy mol k.b\AppData\Local\Programs\Python\Python36\Lib\json\__init__.py first seen with mtime 1530047490.0
File C:\Users\chippy mol k.b\AppData\Local\Programs\Python\Python36\Lib\ast.py first seen with mtime 1530047490.0
File C:\Users\chippy mol k.b\AppData\Local\Programs\Python\Python36\Lib\site-packages\rest_framework\reverse.py first seen with mtime 1749718764.942865
File C:\Users\chippy mol k.b\AppData\Local\Programs\Python\Python36\Lib\site-packages\urllib3\util\wait.py first seen with mtime 1735273279.608855
File C:\Users\chippy mol k.b\AppData\Local\Programs\Python\Python36\Lib\site-packages\charset_normalizer\assets\__init__.py first seen with mtime 1735273280.2676399
File C:\Users\chippy mol k.b\AppData\Local\Programs\Python\Python36\Lib\site-packages\django\contrib\admin\templatetags\admin_list.py first seen with mtime 1737556749.5054946
File C:\Users\chippy mol k.b\AppData\Local\Programs\Python\Python36\Lib\site-packages\django\middleware\security.py first seen with mtime 1737556751.1066113
File C:\Users\chippy mol k.b\AppData\Local\Programs\Python\Python36\Lib\ntpath.py first seen with mtime 1530047490.0
File C:\Users\chippy mol k.b\AppData\Local\Programs\Python\Python36\Lib\pickle.py first seen with mtime 1530047490.0
File C:\Users\chippy mol k.b\AppData\Local\Programs\Python\Python36\Lib\unittest\case.py first seen with mtime 1530047490.0
File C:\Users\chippy mol k.b\AppData\Local\Programs\Python\Python36\Lib\site-packages\rest_framework\fields.py first seen with mtime 1749718764.899896
File C:\Users\chippy mol k.b\AppData\Local\Programs\Python\Python36\Lib\asyncio\streams.py first seen with mtime 1530047490.0
File C:\Users\chippy mol k.b\AppData\Local\Programs\Python\Python36\Lib\multiprocessing\__init__.py first seen with mtime 1530047490.0
File C:\Users\chippy mol k.b\AppData\Local\Programs\Python\Python36\Lib\site-packages\urllib3\request.py first seen with mtime 1735273279.5932088
File C:\Users\chippy mol k.b\AppData\Local\Programs\Python\Python36\Lib\uuid.py first seen with mtime 1530047490.0
File C:\Users\chippy mol k.b\AppData\Local\Programs\Python\Python36\Lib\_sitebuiltins.py first seen with mtime 1530047490.0
File C:\Users\chippy mol k.b\AppData\Local\Programs\Python\Python36\Lib\site-packages\chardet\version.py first seen with mtime 1758101863.544343
File C:\Users\chippy mol k.b\AppData\Local\Programs\Python\Python36\Lib\site-packages\yaml\serializer.py first seen with mtime 1736840099.0311084
File C:\Users\chippy mol k.b\AppData\Local\Programs\Python\Python36\Lib\email\mime\__init__.py first seen with mtime 1530047490.0
File C:\Users\chippy mol k.b\AppData\Local\Programs\Python\Python36\Lib\site-packages\django\utils\duration.py first seen with mtime 1737556751.1378598
File C:\Users\chippy mol k.b\AppData\Local\Programs\Python\Python36\Lib\site-packages\django\contrib\staticfiles\views.py first seen with mtime 1737556750.9191108
File C:\Users\chippy mol k.b\AppData\Local\Programs\Python\Python36\Lib\csv.py first seen with mtime 1530047490.0
File C:\Users\chippy mol k.b\AppData\Local\Programs\Python\Python36\Lib\site-packages\django\conf\global_settings.py first seen with mtime 1737556748.907552
File D:\PROJECT-2025-2026\viswajyothi\AI_powered_health\django_part\django_part\settings.py first seen with mtime 1762752772.9201531
File C:\Users\chippy mol k.b\AppData\Local\Programs\Python\Python36\Lib\multiprocessing\process.py first seen with mtime 1530047490.0
File C:\Users\chippy mol k.b\AppData\Local\Programs\Python\Python36\Lib\site-packages\django\template\__init__.py first seen with mtime 1737556751.1066113
File C:\Users\chippy mol k.b\AppData\Local\Programs\Python\Python36\Lib\http\cookiejar.py first seen with mtime 1530047490.0
File C:\Users\chippy mol k.b\AppData\Local\Programs\Python\Python36\Lib\site-packages\django\template\defaultfilters.py first seen with mtime 1737556751.1066113
File C:\Users\chippy mol k.b\AppData\Local\Programs\Python\Python36\Lib\email\base64mime.py first seen with mtime 1530047490.0
File C:\Users\chippy mol k.b\AppData\Local\Programs\Python\Python36\Lib\site-packages\django\utils\itercompat.py first seen with mtime 1737556751.1378598
File C:\Users\chippy mol k.b\AppData\Local\Programs\Python\Python36\Lib\ipaddress.py first seen with mtime 1530047490.0
File C:\Users\chippy mol k.b\AppData\Local\Programs\Python\Python36\Lib\pkgutil.py first seen with mtime 1530047490.0
File C:\Users\chippy mol k.b\AppData\Local\Programs\Python\Python36\Lib\posixpath.py first seen with mtime 1530047490.0
File C:\Users\chippy mol k.b\AppData\Local\Programs\Python\Python36\Lib\re.py first seen with mtime 1530047490.0
File D:\PROJECT-2025-2026\viswajyothi\AI_powered_health\django_part\myapp\admin.py first seen with mtime 1762745284.4054666
File C:\Users\chippy mol k.b\AppData\Local\Programs\Python\Python36\Lib\site-packages\django\forms\formsets.py first seen with mtime 1737556751.0597384
File C:\Users\chippy mol k.b\AppData\Local\Programs\Python\Python36\Lib\site-packages\django\templatetags\cache.py first seen with mtime 1737556751.1222348
File C:\Users\chippy mol k.b\AppData\Local\Programs\Python\Python36\Lib\site-packages\markdown\preprocessors.py first seen with mtime 1735273277.5485206
File C:\Users\chippy mol k.b\AppData\Local\Programs\Python\Python36\Lib\site-packages\django\template\loaders\base.py first seen with mtime 1737556751.1066113
File C:\Users\chippy mol k.b\AppData\Local\Programs\Python\Python36\Lib\site-packages\django\contrib\auth\password_validation.py first seen with mtime 1737556749.6279593
File C:\Users\chippy mol k.b\AppData\Local\Programs\Python\Python36\Lib\site-packages\django\template\context.py first seen with mtime 1737556751.1066113
File C:\Users\chippy mol k.b\AppData\Local\Programs\Python\Python36\Lib\email\mime\multipart.py first seen with mtime 1530047490.0
File C:\Users\chippy mol k.b\AppData\Local\Programs\Python\Python36\Lib\site-packages\urllib3\packages\six.py first seen with mtime 1735273279.608855
File C:\Users\chippy mol k.b\AppData\Local\Programs\Python\Python36\Lib\site-packages\django\dispatch\__init__.py first seen with mtime 1737556751.0597384
File C:\Users\chippy mol k.b\AppData\Local\Programs\Python\Python36\Lib\site-packages\django\core\signing.py first seen with mtime 1737556750.9191108
File C:\Users\chippy mol k.b\AppData\Local\Programs\Python\Python36\Lib\email\mime\text.py first seen with mtime 1530047490.0
File C:\Users\chippy mol k.b\AppData\Local\Programs\Python\Python36\Lib\site-packages\urllib3\fields.py first seen with mtime 1735273279.5932088
File C:\Users\chippy mol k.b\AppData\Local\Programs\Python\Python36\Lib\site-packages\idna\idnadata.py first seen with mtime 1758101860.7154152
File C:\Users\chippy mol k.b\AppData\Local\Programs\Python\Python36\Lib\site-packages\django\contrib\contenttypes\management\__init__.py first seen with mtime 1737556749.9717097
File C:\Users\chippy mol k.b\AppData\Local\Programs\Python\Python36\Lib\site-packages\django\contrib\contenttypes\admin.py first seen with mtime 1737556749.7685857
File C:\Users\chippy mol k.b\AppData\Local\Programs\Python\Python36\Lib\site-packages\django\core\files\images.py first seen with mtime 1737556750.934734
File C:\Users\chippy mol k.b\AppData\Local\Programs\Python\Python36\Lib\site-packages\django\core\servers\__init__.py first seen with mtime 1737556750.981612
File C:\Users\chippy mol k.b\AppData\Local\Programs\Python\Python36\Lib\site-packages\urllib3\util\connection.py first seen with mtime 1735273279.608855
File C:\Users\chippy mol k.b\AppData\Local\Programs\Python\Python36\Lib\cgi.py first seen with mtime 1530047490.0
File C:\Users\chippy mol k.b\AppData\Local\Programs\Python\Python36\Lib\site-packages\importlib_metadata\_text.py first seen with mtime 1733541481.7029424
File C:\Users\chippy mol k.b\AppData\Local\Programs\Python\Python36\Lib\site-packages\django\contrib\staticfiles\utils.py first seen with mtime 1737556750.9191108
File C:\Users\chippy mol k.b\AppData\Local\Programs\Python\Python36\Lib\site-packages\django\contrib\admin\sites.py first seen with mtime 1737556749.1461217
File C:\Users\chippy mol k.b\AppData\Local\Programs\Python\Python36\Lib\site-packages\markdown\blockprocessors.py first seen with mtime 1735273277.5485206
File C:\Users\chippy mol k.b\AppData\Local\Programs\Python\Python36\Lib\token.py first seen with mtime 1530047490.0
File C:\Users\chippy mol k.b\AppData\Local\Programs\Python\Python36\Lib\site-packages\django\db\models\fields\mixins.py first seen with mtime 1737556751.0441122
File D:\PROJECT-2025-2026\viswajyothi\AI_powered_health\django_part\django_part\__init__.py first seen with mtime 1762745283.5517454
File C:\Users\chippy mol k.b\AppData\Local\Programs\Python\Python36\Lib\site-packages\django\core\handlers\asgi.py first seen with mtime 1737556750.9503608
File C:\Users\chippy mol k.b\AppData\Local\Programs\Python\Python36\Lib\concurrent\futures\__init__.py first seen with mtime 1530047490.0
File C:\Users\chippy mol k.b\AppData\Local\Programs\Python\Python36\Lib\site-packages\markdown\treeprocessors.py first seen with mtime 1735273277.5485206
File C:\Users\chippy mol k.b\AppData\Local\Programs\Python\Python36\Lib\site-packages\django\db\backends\mysql\schema.py first seen with mtime 1737556750.9972384
File C:\Users\chippy mol k.b\AppData\Local\Programs\Python\Python36\Lib\site-packages\django\views\decorators\debug.py first seen with mtime 1737556751.1697333
File C:\Users\chippy mol k.b\AppData\Local\Programs\Python\Python36\Lib\site-packages\django\contrib\admin\__init__.py first seen with mtime 1737556749.1461217
File C:\Users\chippy mol k.b\AppData\Local\Programs\Python\Python36\Lib\site-packages\django\core\checks\urls.py first seen with mtime 1737556750.934734
File C:\Users\chippy mol k.b\AppData\Local\Programs\Python\Python36\Lib\site-packages\django\forms\widgets.py first seen with mtime 1737556751.0597384
File C:\Users\chippy mol k.b\AppData\Local\Programs\Python\Python36\Lib\site-packages\django\db\models\constants.py first seen with mtime 1737556751.028486
File C:\Users\chippy mol k.b\AppData\Local\Programs\Python\Python36\Lib\site-packages\django\template\defaulttags.py first seen with mtime 1737556751.1066113
File C:\Users\chippy mol k.b\AppData\Local\Programs\Python\Python36\Lib\xml\etree\ElementPath.py first seen with mtime 1530047490.0
File C:\Users\chippy mol k.b\AppData\Local\Programs\Python\Python36\Lib\site-packages\rest_framework\utils\urls.py first seen with mtime 1749718766.0107377
File C:\Users\chippy mol k.b\AppData\Local\Programs\Python\Python36\Lib\sysconfig.py first seen with mtime 1530047490.0
File C:\Users\chippy mol k.b\AppData\Local\Programs\Python\Python36\Lib\site-packages\chardet\langhebrewmodel.py first seen with mtime 1758101863.509847
File C:\Users\chippy mol k.b\AppData\Local\Programs\Python\Python36\Lib\site-packages\django\forms\__init__.py first seen with mtime 1737556751.0597384
File C:\Users\chippy mol k.b\AppData\Local\Programs\Python\Python36\Lib\site-packages\django\utils\dateparse.py first seen with mtime 1737556751.1378598
File C:\Users\chippy mol k.b\AppData\Local\Programs\Python\Python36\Lib\site-packages\django\core\checks\translation.py first seen with mtime 1737556750.934734
File C:\Users\chippy mol k.b\AppData\Local\Programs\Python\Python36\Lib\site-packages\charset_normalizer\cd.py first seen with mtime 1735273280.2676399
File C:\Users\chippy mol k.b\AppData\Local\Programs\Python\Python36\Lib\site-packages\django\db\__init__.py first seen with mtime 1737556750.981612
File C:\Users\chippy mol k.b\AppData\Local\Programs\Python\Python36\Lib\site-packages\django\db\backends\base\client.py first seen with mtime 1737556750.981612
File C:\Users\chippy mol k.b\AppData\Local\Programs\Python\Python36\Lib\site-packages\django\middleware\__init__.py first seen with mtime 1737556751.0909855
File C:\Users\chippy mol k.b\AppData\Local\Programs\Python\Python36\Lib\site-packages\sqlparse\engine\filter_stack.py first seen with mtime 1737556747.4172807
File C:\Users\chippy mol k.b\AppData\Local\Programs\Python\Python36\Lib\site-packages\django\views\decorators\__init__.py first seen with mtime 1737556751.1534853
File C:\Users\chippy mol k.b\AppData\Local\Programs\Python\Python36\Lib\site-packages\django\core\files\base.py first seen with mtime 1737556750.934734
File C:\Users\chippy mol k.b\AppData\Local\Programs\Python\Python36\Lib\site-packages\django\utils\datastructures.py first seen with mtime 1737556751.1378598
File C:\Users\chippy mol k.b\AppData\Local\Programs\Python\Python36\Lib\site-packages\sqlparse\sql.py first seen with mtime 1737556747.4172807
File C:\Users\chippy mol k.b\AppData\Local\Programs\Python\Python36\Lib\site-packages\chardet\compat.py first seen with mtime 1758101863.4335127
File C:\Users\chippy mol k.b\AppData\Local\Programs\Python\Python36\Lib\site-packages\chardet\hebrewprober.py first seen with mtime 1758101863.4906502
File C:\Users\chippy mol k.b\AppData\Local\Programs\Python\Python36\Lib\urllib\error.py first seen with mtime 1530047490.0
File C:\Users\chippy mol k.b\AppData\Local\Programs\Python\Python36\Lib\site-packages\django\db\models\deletion.py first seen with mtime 1737556751.028486
File C:\Users\chippy mol k.b\AppData\Local\Programs\Python\Python36\Lib\enum.py first seen with mtime 1530047490.0
File C:\Users\chippy mol k.b\AppData\Local\Programs\Python\Python36\Lib\textwrap.py first seen with mtime 1530047490.0
File C:\Users\chippy mol k.b\AppData\Local\Programs\Python\Python36\Lib\site-packages\django\db\models\fields\related_descriptors.py first seen with mtime 1737556751.0441122
File C:\Users\chippy mol k.b\AppData\Local\Programs\Python\Python36\Lib\tempfile.py first seen with mtime 1530047490.0
File C:\Users\chippy mol k.b\AppData\Local\Programs\Python\Python36\Lib\site-packages\django\contrib\staticfiles\finders.py first seen with mtime 1737556750.9191108
File C:\Users\chippy mol k.b\AppData\Local\Programs\Python\Python36\Lib\site-packages\django\db\models\query.py first seen with mtime 1737556751.028486
File C:\Users\chippy mol k.b\AppData\Local\Programs\Python\Python36\Lib\site-packages\chardet\escsm.py first seen with mtime 1758101863.4491434
File C:\Users\chippy mol k.b\AppData\Local\Programs\Python\Python36\Lib\site-packages\django\core\checks\async_checks.py first seen with mtime 1737556750.934734
File C:\Users\chippy mol k.b\AppData\Local\Programs\Python\Python36\Lib\site-packages\pytz\exceptions.py first seen with mtime 1737556748.3250825
File C:\Users\chippy mol k.b\AppData\Local\Programs\Python\Python36\Lib\wsgiref\handlers.py first seen with mtime 1530047490.0
File C:\Users\chippy mol k.b\AppData\Local\Programs\Python\Python36\Lib\site-packages\MySQLdb\release.py first seen with mtime 1738237034.454285
File C:\Users\chippy mol k.b\AppData\Local\Programs\Python\Python36\Lib\site-packages\django\core\checks\templates.py first seen with mtime 1737556750.934734
File C:\Users\chippy mol k.b\AppData\Local\Programs\Python\Python36\Lib\site-packages\importlib_metadata\__init__.py first seen with mtime 1733541481.7029424
File C:\Users\chippy mol k.b\AppData\Local\Programs\Python\Python36\Lib\multiprocessing\util.py first seen with mtime 1530047490.0
File C:\Users\chippy mol k.b\AppData\Local\Programs\Python\Python36\Lib\site-packages\django\db\models\sql\where.py first seen with mtime 1737556751.0597384
File C:\Users\chippy mol k.b\AppData\Local\Programs\Python\Python36\Lib\unittest\signals.py first seen with mtime 1530047490.0
File C:\Users\chippy mol k.b\AppData\Local\Programs\Python\Python36\Lib\site-packages\django\contrib\admin\actions.py first seen with mtime 1737556749.1461217
File C:\Users\chippy mol k.b\AppData\Local\Programs\Python\Python36\Lib\site-packages\asgiref\local.py first seen with mtime 1737556748.735674
File C:\Users\chippy mol k.b\AppData\Local\Programs\Python\Python36\Lib\selectors.py first seen with mtime 1530047490.0
File C:\Users\chippy mol k.b\AppData\Local\Programs\Python\Python36\DLLs\pyexpat.pyd first seen with mtime 1530050880.0
File C:\Users\chippy mol k.b\AppData\Local\Programs\Python\Python36\Lib\site-packages\django\contrib\contenttypes\checks.py first seen with mtime 1737556749.7685857
File C:\Users\chippy mol k.b\AppData\Local\Programs\Python\Python36\Lib\asyncio\compat.py first seen with mtime 1530047490.0
File C:\Users\chippy mol k.b\AppData\Local\Programs\Python\Python36\Lib\site-packages\importlib_metadata\_itertools.py first seen with mtime 1733541481.7029424
File C:\Users\chippy mol k.b\AppData\Local\Programs\Python\Python36\Lib\site-packages\django\forms\fields.py first seen with mtime 1737556751.0597384
File C:\Users\chippy mol k.b\AppData\Local\Programs\Python\Python36\Lib\site-packages\django\contrib\contenttypes\forms.py first seen with mtime 1737556749.7685857
File C:\Users\chippy mol k.b\AppData\Local\Programs\Python\Python36\Lib\site-packages\django\core\management\commands\__init__.py first seen with mtime 1737556750.9503608
File C:\Users\chippy mol k.b\AppData\Local\Programs\Python\Python36\Lib\glob.py first seen with mtime 1530047490.0
File C:\Users\chippy mol k.b\AppData\Local\Programs\Python\Python36\Lib\site-packages\rest_framework\utils\breadcrumbs.py first seen with mtime 1749718765.9607203
File C:\Users\chippy mol k.b\AppData\Local\Programs\Python\Python36\Lib\site-packages\urllib3\packages\__init__.py first seen with mtime 1735273279.608855
File C:\Users\chippy mol k.b\AppData\Local\Programs\Python\Python36\Lib\site-packages\chardet\langbulgarianmodel.py first seen with mtime 1758101863.5026844
File C:\Users\chippy mol k.b\AppData\Local\Programs\Python\Python36\Lib\site-packages\chardet\sbcharsetprober.py first seen with mtime 1758101863.532395
File C:\Users\chippy mol k.b\AppData\Local\Programs\Python\Python36\Lib\site-packages\django\db\backends\base\__init__.py first seen with mtime 1737556750.981612
File C:\Users\chippy mol k.b\AppData\Local\Programs\Python\Python36\Lib\site-packages\django\utils\dates.py first seen with mtime 1737556751.1378598
File C:\Users\chippy mol k.b\AppData\Local\Programs\Python\Python36\Lib\site-packages\django\core\cache\utils.py first seen with mtime 1737556750.934734
File C:\Users\chippy mol k.b\AppData\Local\Programs\Python\Python36\DLLs\_bz2.pyd first seen with mtime 1530050888.0
File C:\Users\chippy mol k.b\AppData\Local\Programs\Python\Python36\Lib\site-packages\django\core\mail\message.py first seen with mtime 1737556750.9503608
File C:\Users\chippy mol k.b\AppData\Local\Programs\Python\Python36\Lib\site-packages\rest_framework\request.py first seen with mtime 1749718764.9378767
File C:\Users\chippy mol k.b\AppData\Local\Programs\Python\Python36\Lib\site-packages\chardet\euckrfreq.py first seen with mtime 1758101863.4649067
File C:\Users\chippy mol k.b\AppData\Local\Programs\Python\Python36\Lib\email\errors.py first seen with mtime 1530047490.0
File C:\Users\chippy mol k.b\AppData\Local\Programs\Python\Python36\Lib\random.py first seen with mtime 1530047490.0
File C:\Users\chippy mol k.b\AppData\Local\Programs\Python\Python36\Lib\site-packages\rest_framework\utils\model_meta.py first seen with mtime 1749718765.989738
File C:\Users\chippy mol k.b\AppData\Local\Programs\Python\Python36\Lib\site-packages\django\db\models\sql\__init__.py first seen with mtime 1737556751.0441122
File C:\Users\chippy mol k.b\AppData\Local\Programs\Python\Python36\Lib\site-packages\django\db\backends\utils.py first seen with mtime 1737556750.981612
File C:\Users\chippy mol k.b\AppData\Local\Programs\Python\Python36\Lib\site-packages\django\views\static.py first seen with mtime 1737556751.1534853
File C:\Users\chippy mol k.b\AppData\Local\Programs\Python\Python36\Lib\site-packages\django\templatetags\i18n.py first seen with mtime 1737556751.1222348
File C:\Users\chippy mol k.b\AppData\Local\Programs\Python\Python36\Lib\site-packages\rest_framework\renderers.py first seen with mtime 1749718764.9308841
File C:\Users\chippy mol k.b\AppData\Local\Programs\Python\Python36\Lib\site-packages\requests\compat.py first seen with mtime 1735273277.3916874
File C:\Users\chippy mol k.b\AppData\Local\Programs\Python\Python36\Lib\site-packages\requests\__init__.py first seen with mtime 1735273277.3916874
File C:\Users\chippy mol k.b\AppData\Local\Programs\Python\Python36\Lib\asyncio\base_events.py first seen with mtime 1530047490.0
File C:\Users\chippy mol k.b\AppData\Local\Programs\Python\Python36\Lib\site-packages\chardet\latin1prober.py first seen with mtime 1758101863.5207748
File C:\Users\chippy mol k.b\AppData\Local\Programs\Python\Python36\lib\site-packages\rest_framework\templates\rest_framework first seen with mtime 1749718765.8812675
File C:\Users\chippy mol k.b\AppData\Local\Programs\Python\Python36\lib\site-packages\rest_framework\templates\rest_framework\admin first seen with mtime 1749718765.6402116
File C:\Users\chippy mol k.b\AppData\Local\Programs\Python\Python36\lib\site-packages\rest_framework\templates\rest_framework\admin.html first seen with mtime 1749718765.6002107
File C:\Users\chippy mol k.b\AppData\Local\Programs\Python\Python36\lib\site-packages\rest_framework\templates\rest_framework\api.html first seen with mtime 1749718765.604211
File C:\Users\chippy mol k.b\AppData\Local\Programs\Python\Python36\lib\site-packages\rest_framework\templates\rest_framework\base.html first seen with mtime 1749718765.6071987
File C:\Users\chippy mol k.b\AppData\Local\Programs\Python\Python36\lib\site-packages\rest_framework\templates\rest_framework\docs first seen with mtime 1749718765.680199
File C:\Users\chippy mol k.b\AppData\Local\Programs\Python\Python36\lib\site-packages\rest_framework\templates\rest_framework\filters first seen with mtime 1749718765.7142112
File C:\Users\chippy mol k.b\AppData\Local\Programs\Python\Python36\lib\site-packages\rest_framework\templates\rest_framework\horizontal first seen with mtime 1749718765.785288
File C:\Users\chippy mol k.b\AppData\Local\Programs\Python\Python36\lib\site-packages\rest_framework\templates\rest_framework\inline first seen with mtime 1749718765.8582807
File C:\Users\chippy mol k.b\AppData\Local\Programs\Python\Python36\lib\site-packages\rest_framework\templates\rest_framework\login.html first seen with mtime 1749718765.612211
File C:\Users\chippy mol k.b\AppData\Local\Programs\Python\Python36\lib\site-packages\rest_framework\templates\rest_framework\login_base.html first seen with mtime 1749718765.6132112
File C:\Users\chippy mol k.b\AppData\Local\Programs\Python\Python36\lib\site-packages\rest_framework\templates\rest_framework\pagination first seen with mtime 1749718765.86728
File C:\Users\chippy mol k.b\AppData\Local\Programs\Python\Python36\lib\site-packages\rest_framework\templates\rest_framework\raw_data_form.html first seen with mtime 1749718765.6181984
File C:\Users\chippy mol k.b\AppData\Local\Programs\Python\Python36\lib\site-packages\rest_framework\templates\rest_framework\schema.js first seen with mtime 1749718765.6212132
File C:\Users\chippy mol k.b\AppData\Local\Programs\Python\Python36\lib\site-packages\rest_framework\templates\rest_framework\vertical first seen with mtime 1749718765.9455376
File C:\Users\chippy mol k.b\AppData\Local\Programs\Python\Python36\lib\site-packages\rest_framework\templates\rest_framework\admin\detail.html first seen with mtime 1749718765.623198
File C:\Users\chippy mol k.b\AppData\Local\Programs\Python\Python36\lib\site-packages\rest_framework\templates\rest_framework\admin\dict_value.html first seen with mtime 1749718765.6282115
File C:\Users\chippy mol k.b\AppData\Local\Programs\Python\Python36\lib\site-packages\rest_framework\templates\rest_framework\admin\list.html first seen with mtime 1749718765.6322117
File C:\Users\chippy mol k.b\AppData\Local\Programs\Python\Python36\lib\site-packages\rest_framework\templates\rest_framework\admin\list_value.html first seen with mtime 1749718765.6381986
File C:\Users\chippy mol k.b\AppData\Local\Programs\Python\Python36\lib\site-packages\rest_framework\templates\rest_framework\admin\simple_list_value.html first seen with mtime 1749718765.6402116
File C:\Users\chippy mol k.b\AppData\Local\Programs\Python\Python36\lib\site-packages\rest_framework\templates\rest_framework\docs\auth first seen with mtime 1749718765.6792114
File C:\Users\chippy mol k.b\AppData\Local\Programs\Python\Python36\lib\site-packages\rest_framework\templates\rest_framework\docs\document.html first seen with mtime 1749718765.6471994
File C:\Users\chippy mol k.b\AppData\Local\Programs\Python\Python36\lib\site-packages\rest_framework\templates\rest_framework\docs\error.html first seen with mtime 1749718765.6532114
File C:\Users\chippy mol k.b\AppData\Local\Programs\Python\Python36\lib\site-packages\rest_framework\templates\rest_framework\docs\index.html first seen with mtime 1749718765.6592114
File C:\Users\chippy mol k.b\AppData\Local\Programs\Python\Python36\lib\site-packages\rest_framework\templates\rest_framework\docs\interact.html first seen with mtime 1749718765.6612115
File C:\Users\chippy mol k.b\AppData\Local\Programs\Python\Python36\lib\site-packages\rest_framework\templates\rest_framework\docs\langs first seen with mtime 1749718765.7052069
File C:\Users\chippy mol k.b\AppData\Local\Programs\Python\Python36\lib\site-packages\rest_framework\templates\rest_framework\docs\link.html first seen with mtime 1749718765.6652129
File C:\Users\chippy mol k.b\AppData\Local\Programs\Python\Python36\lib\site-packages\rest_framework\templates\rest_framework\docs\sidebar.html first seen with mtime 1749718765.6681988
File C:\Users\chippy mol k.b\AppData\Local\Programs\Python\Python36\lib\site-packages\rest_framework\templates\rest_framework\docs\auth\basic.html first seen with mtime 1749718765.6701994
File C:\Users\chippy mol k.b\AppData\Local\Programs\Python\Python36\lib\site-packages\rest_framework\templates\rest_framework\docs\auth\session.html first seen with mtime 1749718765.6741989
File C:\Users\chippy mol k.b\AppData\Local\Programs\Python\Python36\lib\site-packages\rest_framework\templates\rest_framework\docs\auth\token.html first seen with mtime 1749718765.680199
File C:\Users\chippy mol k.b\AppData\Local\Programs\Python\Python36\lib\site-packages\rest_framework\templates\rest_framework\docs\langs\javascript-intro.html first seen with mtime 1749718765.6872113
File C:\Users\chippy mol k.b\AppData\Local\Programs\Python\Python36\lib\site-packages\rest_framework\templates\rest_framework\docs\langs\javascript.html first seen with mtime 1749718765.6891994
File C:\Users\chippy mol k.b\AppData\Local\Programs\Python\Python36\lib\site-packages\rest_framework\templates\rest_framework\docs\langs\python-intro.html first seen with mtime 1749718765.6942115
File C:\Users\chippy mol k.b\AppData\Local\Programs\Python\Python36\lib\site-packages\rest_framework\templates\rest_framework\docs\langs\python.html first seen with mtime 1749718765.6971996
File C:\Users\chippy mol k.b\AppData\Local\Programs\Python\Python36\lib\site-packages\rest_framework\templates\rest_framework\docs\langs\shell-intro.html first seen with mtime 1749718765.701213
File C:\Users\chippy mol k.b\AppData\Local\Programs\Python\Python36\lib\site-packages\rest_framework\templates\rest_framework\docs\langs\shell.html first seen with mtime 1749718765.7052069
File C:\Users\chippy mol k.b\AppData\Local\Programs\Python\Python36\lib\site-packages\rest_framework\templates\rest_framework\filters\base.html first seen with mtime 1749718765.7092125
File C:\Users\chippy mol k.b\AppData\Local\Programs\Python\Python36\lib\site-packages\rest_framework\templates\rest_framework\filters\ordering.html first seen with mtime 1749718765.7131982
File C:\Users\chippy mol k.b\AppData\Local\Programs\Python\Python36\lib\site-packages\rest_framework\templates\rest_framework\filters\search.html first seen with mtime 1749718765.7152066
File C:\Users\chippy mol k.b\AppData\Local\Programs\Python\Python36\lib\site-packages\rest_framework\templates\rest_framework\horizontal\checkbox.html first seen with mtime 1749718765.717198
File C:\Users\chippy mol k.b\AppData\Local\Programs\Python\Python36\lib\site-packages\rest_framework\templates\rest_framework\horizontal\checkbox_multiple.html first seen with mtime 1749718765.7212124
File C:\Users\chippy mol k.b\AppData\Local\Programs\Python\Python36\lib\site-packages\rest_framework\templates\rest_framework\horizontal\dict_field.html first seen with mtime 1749718765.7241988
File C:\Users\chippy mol k.b\AppData\Local\Programs\Python\Python36\lib\site-packages\rest_framework\templates\rest_framework\horizontal\fieldset.html first seen with mtime 1749718765.7322173
File C:\Users\chippy mol k.b\AppData\Local\Programs\Python\Python36\lib\site-packages\rest_framework\templates\rest_framework\horizontal\form.html first seen with mtime 1749718765.7362
File C:\Users\chippy mol k.b\AppData\Local\Programs\Python\Python36\lib\site-packages\rest_framework\templates\rest_framework\horizontal\input.html first seen with mtime 1749718765.7401974
File C:\Users\chippy mol k.b\AppData\Local\Programs\Python\Python36\lib\site-packages\rest_framework\templates\rest_framework\horizontal\list_field.html first seen with mtime 1749718765.757269
File C:\Users\chippy mol k.b\AppData\Local\Programs\Python\Python36\lib\site-packages\rest_framework\templates\rest_framework\horizontal\list_fieldset.html first seen with mtime 1749718765.7642834
File C:\Users\chippy mol k.b\AppData\Local\Programs\Python\Python36\lib\site-packages\rest_framework\templates\rest_framework\horizontal\radio.html first seen with mtime 1749718765.7692726
File C:\Users\chippy mol k.b\AppData\Local\Programs\Python\Python36\lib\site-packages\rest_framework\templates\rest_framework\horizontal\select.html first seen with mtime 1749718765.777287
File C:\Users\chippy mol k.b\AppData\Local\Programs\Python\Python36\lib\site-packages\rest_framework\templates\rest_framework\horizontal\select_multiple.html first seen with mtime 1749718765.7792854
File C:\Users\chippy mol k.b\AppData\Local\Programs\Python\Python36\lib\site-packages\rest_framework\templates\rest_framework\horizontal\textarea.html first seen with mtime 1749718765.785288
File C:\Users\chippy mol k.b\AppData\Local\Programs\Python\Python36\lib\site-packages\rest_framework\templates\rest_framework\inline\checkbox.html first seen with mtime 1749718765.7922797
File C:\Users\chippy mol k.b\AppData\Local\Programs\Python\Python36\lib\site-packages\rest_framework\templates\rest_framework\inline\checkbox_multiple.html first seen with mtime 1749718765.7942708
File C:\Users\chippy mol k.b\AppData\Local\Programs\Python\Python36\lib\site-packages\rest_framework\templates\rest_framework\inline\dict_field.html first seen with mtime 1749718765.8022878
File C:\Users\chippy mol k.b\AppData\Local\Programs\Python\Python36\lib\site-packages\rest_framework\templates\rest_framework\inline\fieldset.html first seen with mtime 1749718765.8082843
File C:\Users\chippy mol k.b\AppData\Local\Programs\Python\Python36\lib\site-packages\rest_framework\templates\rest_framework\inline\form.html first seen with mtime 1749718765.810267
File C:\Users\chippy mol k.b\AppData\Local\Programs\Python\Python36\lib\site-packages\rest_framework\templates\rest_framework\inline\input.html first seen with mtime 1749718765.8172736
File C:\Users\chippy mol k.b\AppData\Local\Programs\Python\Python36\lib\site-packages\rest_framework\templates\rest_framework\inline\list_field.html first seen with mtime 1749718765.8272855
File C:\Users\chippy mol k.b\AppData\Local\Programs\Python\Python36\lib\site-packages\rest_framework\templates\rest_framework\inline\list_fieldset.html first seen with mtime 1749718765.8332736
File C:\Users\chippy mol k.b\AppData\Local\Programs\Python\Python36\lib\site-packages\rest_framework\templates\rest_framework\inline\radio.html first seen with mtime 1749718765.840271
File C:\Users\chippy mol k.b\AppData\Local\Programs\Python\Python36\lib\site-packages\rest_framework\templates\rest_framework\inline\select.html first seen with mtime 1749718765.8472798
File C:\Users\chippy mol k.b\AppData\Local\Programs\Python\Python36\lib\site-packages\rest_framework\templates\rest_framework\inline\select_multiple.html first seen with mtime 1749718765.8482795
File C:\Users\chippy mol k.b\AppData\Local\Programs\Python\Python36\lib\site-packages\rest_framework\templates\rest_framework\inline\textarea.html first seen with mtime 1749718765.8582807
File C:\Users\chippy mol k.b\AppData\Local\Programs\Python\Python36\lib\site-packages\rest_framework\templates\rest_framework\pagination\numbers.html first seen with mtime 1749718765.8642797
File C:\Users\chippy mol k.b\AppData\Local\Programs\Python\Python36\lib\site-packages\rest_framework\templates\rest_framework\pagination\previous_and_next.html first seen with mtime 1749718765.8732877
File C:\Users\chippy mol k.b\AppData\Local\Programs\Python\Python36\lib\site-packages\rest_framework\templates\rest_framework\vertical\checkbox.html first seen with mtime 1749718765.8822703
File C:\Users\chippy mol k.b\AppData\Local\Programs\Python\Python36\lib\site-packages\rest_framework\templates\rest_framework\vertical\checkbox_multiple.html first seen with mtime 1749718765.8882802
File C:\Users\chippy mol k.b\AppData\Local\Programs\Python\Python36\lib\site-packages\rest_framework\templates\rest_framework\vertical\dict_field.html first seen with mtime 1749718765.8952851
File C:\Users\chippy mol k.b\AppData\Local\Programs\Python\Python36\lib\site-packages\rest_framework\templates\rest_framework\vertical\fieldset.html first seen with mtime 1749718765.9012854
File C:\Users\chippy mol k.b\AppData\Local\Programs\Python\Python36\lib\site-packages\rest_framework\templates\rest_framework\vertical\form.html first seen with mtime 1749718765.9092844
File C:\Users\chippy mol k.b\AppData\Local\Programs\Python\Python36\lib\site-packages\rest_framework\templates\rest_framework\vertical\input.html first seen with mtime 1749718765.916284
File C:\Users\chippy mol k.b\AppData\Local\Programs\Python\Python36\lib\site-packages\rest_framework\templates\rest_framework\vertical\list_field.html first seen with mtime 1749718765.922349
File C:\Users\chippy mol k.b\AppData\Local\Programs\Python\Python36\lib\site-packages\rest_framework\templates\rest_framework\vertical\list_fieldset.html first seen with mtime 1749718765.9243753
File C:\Users\chippy mol k.b\AppData\Local\Programs\Python\Python36\lib\site-packages\rest_framework\templates\rest_framework\vertical\radio.html first seen with mtime 1749718765.9303882
File C:\Users\chippy mol k.b\AppData\Local\Programs\Python\Python36\lib\site-packages\rest_framework\templates\rest_framework\vertical\select.html first seen with mtime 1749718765.937278
File C:\Users\chippy mol k.b\AppData\Local\Programs\Python\Python36\lib\site-packages\rest_framework\templates\rest_framework\vertical\select_multiple.html first seen with mtime 1749718765.944281
File C:\Users\chippy mol k.b\AppData\Local\Programs\Python\Python36\lib\site-packages\rest_framework\templates\rest_framework\vertical\textarea.html first seen with mtime 1749718765.9455376
File D:\PROJECT-2025-2026\viswajyothi\AI_powered_health\django_part\templates\index.html first seen with mtime 1762319548.174
File D:\PROJECT-2025-2026\viswajyothi\AI_powered_health\django_part\templates\login.html first seen with mtime 1762324905.654
File C:\Users\chippy mol k.b\AppData\Local\Programs\Python\Python36\lib\site-packages\rest_framework\locale\ach\LC_MESSAGES\django.mo first seen with mtime 1749718765.0508778
File C:\Users\chippy mol k.b\AppData\Local\Programs\Python\Python36\lib\site-packages\rest_framework\locale\ar\LC_MESSAGES\django.mo first seen with mtime 1749718765.0528634
File C:\Users\chippy mol k.b\AppData\Local\Programs\Python\Python36\lib\site-packages\rest_framework\locale\az\LC_MESSAGES\django.mo first seen with mtime 1749718765.0568643
File C:\Users\chippy mol k.b\AppData\Local\Programs\Python\Python36\lib\site-packages\rest_framework\locale\be\LC_MESSAGES\django.mo first seen with mtime 1749718765.0628595
File C:\Users\chippy mol k.b\AppData\Local\Programs\Python\Python36\lib\site-packages\rest_framework\locale\bg\LC_MESSAGES\django.mo first seen with mtime 1749718765.0678768
File C:\Users\chippy mol k.b\AppData\Local\Programs\Python\Python36\lib\site-packages\rest_framework\locale\ca\LC_MESSAGES\django.mo first seen with mtime 1749718765.0728648
File C:\Users\chippy mol k.b\AppData\Local\Programs\Python\Python36\lib\site-packages\rest_framework\locale\ca_ES\LC_MESSAGES\django.mo first seen with mtime 1749718765.0778768
File C:\Users\chippy mol k.b\AppData\Local\Programs\Python\Python36\lib\site-packages\rest_framework\locale\cs\LC_MESSAGES\django.mo first seen with mtime 1749718765.0828764
File C:\Users\chippy mol k.b\AppData\Local\Programs\Python\Python36\lib\site-packages\rest_framework\locale\da\LC_MESSAGES\django.mo first seen with mtime 1749718765.0898645
File C:\Users\chippy mol k.b\AppData\Local\Programs\Python\Python36\lib\site-packages\rest_framework\locale\de\LC_MESSAGES\django.mo first seen with mtime 1749718765.0948775
File C:\Users\chippy mol k.b\AppData\Local\Programs\Python\Python36\lib\site-packages\rest_framework\locale\el\LC_MESSAGES\django.mo first seen with mtime 1749718765.1018682
File C:\Users\chippy mol k.b\AppData\Local\Programs\Python\Python36\lib\site-packages\rest_framework\locale\el_GR\LC_MESSAGES\django.mo first seen with mtime 1749718765.1068652
File C:\Users\chippy mol k.b\AppData\Local\Programs\Python\Python36\lib\site-packages\rest_framework\locale\en\LC_MESSAGES\django.mo first seen with mtime 1749718765.1108637
File C:\Users\chippy mol k.b\AppData\Local\Programs\Python\Python36\lib\site-packages\rest_framework\locale\en_AU\LC_MESSAGES\django.mo first seen with mtime 1749718765.1168642
File C:\Users\chippy mol k.b\AppData\Local\Programs\Python\Python36\lib\site-packages\rest_framework\locale\en_CA\LC_MESSAGES\django.mo first seen with mtime 1749718765.124878
File C:\Users\chippy mol k.b\AppData\Local\Programs\Python\Python36\lib\site-packages\rest_framework\locale\en_US\LC_MESSAGES\django.mo first seen with mtime 1749718765.1288762
File C:\Users\chippy mol k.b\AppData\Local\Programs\Python\Python36\lib\site-packages\rest_framework\locale\es\LC_MESSAGES\django.mo first seen with mtime 1749718765.1338646
File C:\Users\chippy mol k.b\AppData\Local\Programs\Python\Python36\lib\site-packages\rest_framework\locale\et\LC_MESSAGES\django.mo first seen with mtime 1749718765.139877
File C:\Users\chippy mol k.b\AppData\Local\Programs\Python\Python36\lib\site-packages\rest_framework\locale\fa\LC_MESSAGES\django.mo first seen with mtime 1749718765.1438766
File C:\Users\chippy mol k.b\AppData\Local\Programs\Python\Python36\lib\site-packages\rest_framework\locale\fa_IR\LC_MESSAGES\django.mo first seen with mtime 1749718765.1478646
File C:\Users\chippy mol k.b\AppData\Local\Programs\Python\Python36\lib\site-packages\rest_framework\locale\fi\LC_MESSAGES\django.mo first seen with mtime 1749718765.14986
File C:\Users\chippy mol k.b\AppData\Local\Programs\Python\Python36\lib\site-packages\rest_framework\locale\fr\LC_MESSAGES\django.mo first seen with mtime 1749718765.1538641
File C:\Users\chippy mol k.b\AppData\Local\Programs\Python\Python36\lib\site-packages\rest_framework\locale\fr_CA\LC_MESSAGES\django.mo first seen with mtime 1749718765.1608777
File C:\Users\chippy mol k.b\AppData\Local\Programs\Python\Python36\lib\site-packages\rest_framework\locale\gl\LC_MESSAGES\django.mo first seen with mtime 1749718765.167864
File C:\Users\chippy mol k.b\AppData\Local\Programs\Python\Python36\lib\site-packages\rest_framework\locale\gl_ES\LC_MESSAGES\django.mo first seen with mtime 1749718765.1718764
File C:\Users\chippy mol k.b\AppData\Local\Programs\Python\Python36\lib\site-packages\rest_framework\locale\he_IL\LC_MESSAGES\django.mo first seen with mtime 1749718765.1768706
File C:\Users\chippy mol k.b\AppData\Local\Programs\Python\Python36\lib\site-packages\rest_framework\locale\hu\LC_MESSAGES\django.mo first seen with mtime 1749718765.1798766
File C:\Users\chippy mol k.b\AppData\Local\Programs\Python\Python36\lib\site-packages\rest_framework\locale\hy\LC_MESSAGES\django.mo first seen with mtime 1749718765.1858766
File C:\Users\chippy mol k.b\AppData\Local\Programs\Python\Python36\lib\site-packages\rest_framework\locale\id\LC_MESSAGES\django.mo first seen with mtime 1749718765.1918774
File C:\Users\chippy mol k.b\AppData\Local\Programs\Python\Python36\lib\site-packages\rest_framework\locale\it\LC_MESSAGES\django.mo first seen with mtime 1749718765.1958764
File C:\Users\chippy mol k.b\AppData\Local\Programs\Python\Python36\lib\site-packages\rest_framework\locale\ja\LC_MESSAGES\django.mo first seen with mtime 1749718765.2008786
File C:\Users\chippy mol k.b\AppData\Local\Programs\Python\Python36\lib\site-packages\rest_framework\locale\ko_KR\LC_MESSAGES\django.mo first seen with mtime 1749718765.2068639
File C:\Users\chippy mol k.b\AppData\Local\Programs\Python\Python36\lib\site-packages\rest_framework\locale\lt\LC_MESSAGES\django.mo first seen with mtime 1749718765.2198768
File C:\Users\chippy mol k.b\AppData\Local\Programs\Python\Python36\lib\site-packages\rest_framework\locale\lv\LC_MESSAGES\django.mo first seen with mtime 1749718765.2278764
File C:\Users\chippy mol k.b\AppData\Local\Programs\Python\Python36\lib\site-packages\rest_framework\locale\mk\LC_MESSAGES\django.mo first seen with mtime 1749718765.2378657
File C:\Users\chippy mol k.b\AppData\Local\Programs\Python\Python36\lib\site-packages\rest_framework\locale\nb\LC_MESSAGES\django.mo first seen with mtime 1749718765.2448654
File C:\Users\chippy mol k.b\AppData\Local\Programs\Python\Python36\lib\site-packages\rest_framework\locale\ne_NP\LC_MESSAGES\django.mo first seen with mtime 1749718765.2518818
File C:\Users\chippy mol k.b\AppData\Local\Programs\Python\Python36\lib\site-packages\rest_framework\locale\nl\LC_MESSAGES\django.mo first seen with mtime 1749718765.2588625
File C:\Users\chippy mol k.b\AppData\Local\Programs\Python\Python36\lib\site-packages\rest_framework\locale\nn\LC_MESSAGES\django.mo first seen with mtime 1749718765.2628639
File C:\Users\chippy mol k.b\AppData\Local\Programs\Python\Python36\lib\site-packages\rest_framework\locale\no\LC_MESSAGES\django.mo first seen with mtime 1749718765.2668784
File C:\Users\chippy mol k.b\AppData\Local\Programs\Python\Python36\lib\site-packages\rest_framework\locale\pl\LC_MESSAGES\django.mo first seen with mtime 1749718765.2708757
File C:\Users\chippy mol k.b\AppData\Local\Programs\Python\Python36\lib\site-packages\rest_framework\locale\pt\LC_MESSAGES\django.mo first seen with mtime 1749718765.2748768
File C:\Users\chippy mol k.b\AppData\Local\Programs\Python\Python36\lib\site-packages\rest_framework\locale\pt_BR\LC_MESSAGES\django.mo first seen with mtime 1749718765.2778635
File C:\Users\chippy mol k.b\AppData\Local\Programs\Python\Python36\lib\site-packages\rest_framework\locale\pt_PT\LC_MESSAGES\django.mo first seen with mtime 1749718765.2818763
File C:\Users\chippy mol k.b\AppData\Local\Programs\Python\Python36\lib\site-packages\rest_framework\locale\ro\LC_MESSAGES\django.mo first seen with mtime 1749718765.2858765
File C:\Users\chippy mol k.b\AppData\Local\Programs\Python\Python36\lib\site-packages\rest_framework\locale\ru\LC_MESSAGES\django.mo first seen with mtime 1749718765.2898767
File C:\Users\chippy mol k.b\AppData\Local\Programs\Python\Python36\lib\site-packages\rest_framework\locale\ru_RU\LC_MESSAGES\django.mo first seen with mtime 1749718765.2938638
File C:\Users\chippy mol k.b\AppData\Local\Programs\Python\Python36\lib\site-packages\rest_framework\locale\sk\LC_MESSAGES\django.mo first seen with mtime 1749718765.2998767
File C:\Users\chippy mol k.b\AppData\Local\Programs\Python\Python36\lib\site-packages\rest_framework\locale\sl\LC_MESSAGES\django.mo first seen with mtime 1749718765.3048637
File C:\Users\chippy mol k.b\AppData\Local\Programs\Python\Python36\lib\site-packages\rest_framework\locale\sv\LC_MESSAGES\django.mo first seen with mtime 1749718765.3078637
File C:\Users\chippy mol k.b\AppData\Local\Programs\Python\Python36\lib\site-packages\rest_framework\locale\th\LC_MESSAGES\django.mo first seen with mtime 1749718765.3128774
File C:\Users\chippy mol k.b\AppData\Local\Programs\Python\Python36\lib\site-packages\rest_framework\locale\tr\LC_MESSAGES\django.mo first seen with mtime 1749718765.31486
File C:\Users\chippy mol k.b\AppData\Local\Programs\Python\Python36\lib\site-packages\rest_framework\locale\tr_TR\LC_MESSAGES\django.mo first seen with mtime 1749718765.3178768
File C:\Users\chippy mol k.b\AppData\Local\Programs\Python\Python36\lib\site-packages\rest_framework\locale\uk\LC_MESSAGES\django.mo first seen with mtime 1749718765.3218625
File C:\Users\chippy mol k.b\AppData\Local\Programs\Python\Python36\lib\site-packages\rest_framework\locale\vi\LC_MESSAGES\django.mo first seen with mtime 1749718765.3248603
File C:\Users\chippy mol k.b\AppData\Local\Programs\Python\Python36\lib\site-packages\rest_framework\locale\zh_CN\LC_MESSAGES\django.mo first seen with mtime 1749718765.3318632
File C:\Users\chippy mol k.b\AppData\Local\Programs\Python\Python36\lib\site-packages\rest_framework\locale\zh_Hans\LC_MESSAGES\django.mo first seen with mtime 1749718765.3398616
File C:\Users\chippy mol k.b\AppData\Local\Programs\Python\Python36\lib\site-packages\rest_framework\locale\zh_Hant\LC_MESSAGES\django.mo first seen with mtime 1749718765.3448608
File C:\Users\chippy mol k.b\AppData\Local\Programs\Python\Python36\lib\site-packages\rest_framework\locale\zh_TW\LC_MESSAGES\django.mo first seen with mtime 1749718765.3518612
File C:\Users\chippy mol k.b\AppData\Local\Programs\Python\Python36\Lib\site-packages\cffi\__init__.py first seen with mtime 1758108772.9178164
File D:\PROJECT-2025-2026\viswajyothi\AI_powered_health\django_part\django_part\wsgi.py first seen with mtime 1762745283.5497968
File C:\Users\chippy mol k.b\AppData\Local\Programs\Python\Python36\Lib\site-packages\django\db\migrations\loader.py first seen with mtime 1737556751.0128622
File C:\Users\chippy mol k.b\AppData\Local\Programs\Python\Python36\Lib\site-packages\django\contrib\auth\migrations\0004_alter_user_username_opts.py first seen with mtime 1737556749.75296
File C:\Users\chippy mol k.b\AppData\Local\Programs\Python\Python36\Lib\site-packages\PIL\_util.py first seen with mtime 1735273533.821121
File C:\Users\chippy mol k.b\AppData\Local\Programs\Python\Python36\Lib\site-packages\django\contrib\auth\migrations\__init__.py first seen with mtime 1737556749.75296
File C:\Users\chippy mol k.b\AppData\Local\Programs\Python\Python36\Lib\site-packages\django\core\cache\backends\locmem.py first seen with mtime 1737556750.934734
File C:\Users\chippy mol k.b\AppData\Local\Programs\Python\Python36\Lib\site-packages\django\contrib\contenttypes\migrations\0001_initial.py first seen with mtime 1737556749.9717097
File C:\Users\chippy mol k.b\AppData\Local\Programs\Python\Python36\Lib\site-packages\django\contrib\admin\migrations\0001_initial.py first seen with mtime 1737556749.3961215
File C:\Users\chippy mol k.b\AppData\Local\Programs\Python\Python36\Lib\site-packages\django\contrib\admin\migrations\0002_logentry_remove_auto_add.py first seen with mtime 1737556749.3961215
File C:\Users\chippy mol k.b\AppData\Local\Programs\Python\Python36\Lib\site-packages\cffi\error.py first seen with mtime 1758108772.965317
File C:\Users\chippy mol k.b\AppData\Local\Programs\Python\Python36\Lib\site-packages\django\contrib\auth\migrations\0009_alter_user_last_name_max_length.py first seen with mtime 1737556749.75296
File C:\Users\chippy mol k.b\AppData\Local\Programs\Python\Python36\Lib\site-packages\django\contrib\contenttypes\migrations\__init__.py first seen with mtime 1737556749.9717097
File C:\Users\chippy mol k.b\AppData\Local\Programs\Python\Python36\Lib\site-packages\PIL\_version.py first seen with mtime 1735273533.821121
File C:\Users\chippy mol k.b\AppData\Local\Programs\Python\Python36\Lib\site-packages\cffi\lock.py first seen with mtime 1758108772.965317
File C:\Users\chippy mol k.b\AppData\Local\Programs\Python\Python36\Lib\site-packages\django\contrib\auth\migrations\0003_alter_user_email_max_length.py first seen with mtime 1737556749.75296
File D:\PROJECT-2025-2026\viswajyothi\AI_powered_health\django_part\myapp\migrations\0001_initial.py first seen with mtime 1762752256.852072
File C:\Users\chippy mol k.b\AppData\Local\Programs\Python\Python36\Lib\site-packages\django\middleware\common.py first seen with mtime 1737556751.0909855
File D:\PROJECT-2025-2026\viswajyothi\AI_powered_health\django_part\myapp\migrations\__init__.py first seen with mtime 1762745284.5025785
File C:\Users\chippy mol k.b\AppData\Local\Programs\Python\Python36\Lib\site-packages\MySQLdb\cursors.py first seen with mtime 1738237034.454285
File C:\Users\chippy mol k.b\AppData\Local\Programs\Python\Python36\Lib\site-packages\django\db\migrations\graph.py first seen with mtime 1737556751.0128622
File C:\Users\chippy mol k.b\AppData\Local\Programs\Python\Python36\Lib\site-packages\MySQLdb\connections.py first seen with mtime 1738237034.454285
File C:\Users\chippy mol k.b\AppData\Local\Programs\Python\Python36\Lib\site-packages\django\contrib\auth\migrations\0012_alter_user_first_name_max_length.py first seen with mtime 1737556749.75296
File C:\Users\chippy mol k.b\AppData\Local\Programs\Python\Python36\Lib\site-packages\django\views\csrf.py first seen with mtime 1737556751.1534853
File C:\Users\chippy mol k.b\AppData\Local\Programs\Python\Python36\Lib\site-packages\django\db\migrations\recorder.py first seen with mtime 1737556751.0128622
File C:\Users\chippy mol k.b\AppData\Local\Programs\Python\Python36\Lib\site-packages\django\contrib\auth\migrations\0001_initial.py first seen with mtime 1737556749.75296
File C:\Users\chippy mol k.b\AppData\Local\Programs\Python\Python36\Lib\site-packages\django\db\migrations\executor.py first seen with mtime 1737556751.0128622
File C:\Users\chippy mol k.b\AppData\Local\Programs\Python\Python36\Lib\site-packages\cffi\model.py first seen with mtime 1758108772.965317
File C:\Users\chippy mol k.b\AppData\Local\Programs\Python\Python36\Lib\site-packages\django\contrib\sessions\exceptions.py first seen with mtime 1737556750.6491704
File C:\Users\chippy mol k.b\AppData\Local\Programs\Python\Python36\Lib\site-packages\django\contrib\admin\migrations\0003_logentry_add_action_flag_choices.py first seen with mtime 1737556749.3961215
File C:\Users\chippy mol k.b\AppData\Local\Programs\Python\Python36\Lib\site-packages\django\contrib\auth\migrations\0002_alter_permission_name_max_length.py first seen with mtime 1737556749.75296
File C:\Users\chippy mol k.b\AppData\Local\Programs\Python\Python36\Lib\site-packages\django\contrib\sessions\migrations\0001_initial.py first seen with mtime 1737556750.762859
File C:\Users\chippy mol k.b\AppData\Local\Programs\Python\Python36\Lib\site-packages\PIL\TiffTags.py first seen with mtime 1735273533.7890577
File C:\Users\chippy mol k.b\AppData\Local\Programs\Python\Python36\Lib\site-packages\PIL\__init__.py first seen with mtime 1735273533.7890577
File C:\Users\chippy mol k.b\AppData\Local\Programs\Python\Python36\Lib\site-packages\django\middleware\clickjacking.py first seen with mtime 1737556751.0909855
File C:\Users\chippy mol k.b\AppData\Local\Programs\Python\Python36\Lib\site-packages\django\db\backends\mysql\compiler.py first seen with mtime 1737556750.9972384
File C:\Users\chippy mol k.b\AppData\Local\Programs\Python\Python36\Lib\site-packages\django\contrib\sessions\migrations\__init__.py first seen with mtime 1737556750.762859
File C:\Users\chippy mol k.b\AppData\Local\Programs\Python\Python36\Lib\site-packages\django\contrib\messages\middleware.py first seen with mtime 1737556750.406375
File C:\Users\chippy mol k.b\AppData\Local\Programs\Python\Python36\Lib\site-packages\django\contrib\auth\migrations\0005_alter_user_last_login_null.py first seen with mtime 1737556749.75296
File C:\Users\chippy mol k.b\AppData\Local\Programs\Python\Python36\Lib\site-packages\django\contrib\auth\migrations\0008_alter_user_username_max_length.py first seen with mtime 1737556749.75296
File C:\Users\chippy mol k.b\AppData\Local\Programs\Python\Python36\Lib\site-packages\django\db\models\sql\compiler.py first seen with mtime 1737556751.0441122
File C:\Users\chippy mol k.b\AppData\Local\Programs\Python\Python36\Lib\site-packages\django\contrib\admin\migrations\__init__.py first seen with mtime 1737556749.3961215
File C:\Users\chippy mol k.b\AppData\Local\Programs\Python\Python36\Lib\site-packages\PIL\Image.py first seen with mtime 1735273533.7573705
File C:\Users\chippy mol k.b\AppData\Local\Programs\Python\Python36\Lib\site-packages\cffi\api.py first seen with mtime 1758108772.9337654
File C:\Users\chippy mol k.b\AppData\Local\Programs\Python\Python36\Lib\site-packages\django\contrib\sessions\backends\db.py first seen with mtime 1737556750.653169
File C:\Users\chippy mol k.b\AppData\Local\Programs\Python\Python36\Lib\site-packages\django\contrib\auth\migrations\0010_alter_group_name_max_length.py first seen with mtime 1737556749.75296
File C:\Users\chippy mol k.b\AppData\Local\Programs\Python\Python36\Lib\site-packages\PIL\ImageMode.py first seen with mtime 1735273533.7573705
File C:\Users\chippy mol k.b\AppData\Local\Programs\Python\Python36\Lib\site-packages\django\contrib\auth\migrations\0011_update_proxy_permissions.py first seen with mtime 1737556749.75296
File C:\Users\chippy mol k.b\AppData\Local\Programs\Python\Python36\Lib\site-packages\PIL\_imaging.cp36-win_amd64.pyd first seen with mtime 1735273533.8111908
File C:\Users\chippy mol k.b\AppData\Local\Programs\Python\Python36\Lib\site-packages\PIL\_binary.py first seen with mtime 1735273533.7890577
File C:\Users\chippy mol k.b\AppData\Local\Programs\Python\Python36\Lib\site-packages\django\contrib\auth\migrations\0007_alter_validators_add_error_messages.py first seen with mtime 1737556749.75296
File C:\Users\chippy mol k.b\AppData\Local\Programs\Python\Python36\Lib\site-packages\django\contrib\contenttypes\migrations\0002_remove_content_type_name.py first seen with mtime 1737556749.9717097
File C:\Users\chippy mol k.b\AppData\Local\Programs\Python\Python36\Lib\site-packages\django\contrib\auth\migrations\0006_require_contenttypes_0002.py first seen with mtime 1737556749.75296
code 400, message Bad request syntax ("\x16\x03\x01\x07\x00\x01\x00\x06ü\x03\x03¿Û\x06yëÐ±r´\x8d\x90\x8ahâ/\x06«©â¬%\x12H\x19krÈ\x90åÒ&Ã ]ÿ\xadªiµçgBLKA{mÖ:Â\x05ñæ'\x1fíË\x94ÖC³£± \x91\x00 ºº\x13\x01\x13\x02\x13\x03À+À/À,À0Ì©Ì¨À\x13À\x14\x00\x9c\x00\x9d\x00/\x005\x01\x00\x06\x93jj\x00\x00\x00+\x00\x07\x06JJ\x03\x04\x03\x03ÿ\x01\x00\x01\x00\x00-\x00\x02\x01\x01þ\r\x01\x1a\x00\x00\x01\x00\x01\x0f\x00 ò4cÃxÓÝ\x1b\x08Þ\x1dGh\x0cízo\x98ö+£\x10\x06µ]\x03¯ù,\x0f\rq\x00ðÍe&¤C\x8cLâ\x12\x131²}P¯\x995ÚÞ\x9f?TðH\x89¨:Â\x1bLßäÅh\x9d\x15\x7fòÛ.©\x14\\ÂÌ@íe#öË\x0c\x0c÷\x90\xad\\Ctq^\x1bîÞÄô^pR\x17P9ÎÀ+9-DØUÃc$´Üÿêd¸ê±rsÎxî<Õ\xa09®?-ÀY\x1e¶¯jÄº@5\xa0\x900ðP[?qùüÐÕ_")
You're accessing the development server over HTTPS, but it only supports HTTP.

code 400, message Bad request syntax ('\x16\x03\x01\x06À\x01\x00\x06¼\x03\x03õ\x11\x00B/Ï´\x14Þý©µ5\x03÷ý"@´Àr÷\x14ÐAn\x06(ýà$z z×ý¬Ü®Â\x8e|Õ\tñ\x02Ée7h\x1aA6{»\x85ªð´,T×\x16In\x00 ::\x13\x01\x13\x02\x13\x03À+À/À,À0Ì©Ì¨À\x13À\x14\x00\x9c\x00\x9d\x00/\x005\x01\x00\x06Sºº\x00\x00\x00-\x00\x02\x01\x01\x00')
You're accessing the development server over HTTPS, but it only supports HTTP.

